source,source_binomial
ReneeFrancolini_MaineFish,Alopias vulpinus
ReneeFrancolini_MaineFish,Aluterus schoepfii
ReneeFrancolini_MaineFish,Ammodytes americanus
ReneeFrancolini_MaineFish,Antigonia capros
ReneeFrancolini_MaineFish,Apeltes quadracus
ReneeFrancolini_MaineFish,Bairdiella chrysoura
ReneeFrancolini_MaineFish,Balistes capriscus
ReneeFrancolini_MaineFish,Centropristis striata
ReneeFrancolini_MaineFish,Chaetodon ocellatus
ReneeFrancolini_MaineFish,Chilomycterus schoepfii
ReneeFrancolini_MaineFish,Conger oceanicus
ReneeFrancolini_MaineFish,Cyclopterus lumpus
ReneeFrancolini_MaineFish,Cynoscion regalis
ReneeFrancolini_MaineFish,Cyprinodon variegatus
ReneeFrancolini_MaineFish,Dipturus laevis
ReneeFrancolini_MaineFish,Enchelyopus cimbrius
ReneeFrancolini_MaineFish,Etropus microstomus
ReneeFrancolini_MaineFish,Fundulus majalis
ReneeFrancolini_MaineFish,Gymnelus viridis
ReneeFrancolini_MaineFish,Halichoeres radiatus
ReneeFrancolini_MaineFish,Halichoeres maculipinna
ReneeFrancolini_MaineFish,Hemitripterus americanus
ReneeFrancolini_MaineFish,Hippocampus erectus
ReneeFrancolini_MaineFish,Hippoglossina oblonga
ReneeFrancolini_MaineFish,Hippoglossus hippoglossus
ReneeFrancolini_MaineFish,Isurus oxyrinchus
ReneeFrancolini_MaineFish,Lachnolaimus maximus
ReneeFrancolini_MaineFish,Lagocephalus laevigatus
ReneeFrancolini_MaineFish,Lamna nasus
ReneeFrancolini_MaineFish,Leiostomus xanthurus
ReneeFrancolini_MaineFish,Leptoclinus maculatus
ReneeFrancolini_MaineFish,Leucoraja ocellata
ReneeFrancolini_MaineFish,Leucoraja erinacea
ReneeFrancolini_MaineFish,Liparis inquilinus
ReneeFrancolini_MaineFish,Lophius americanus
ReneeFrancolini_MaineFish,Melanogrammus aeglefinus
ReneeFrancolini_MaineFish,Menidia beryllina
ReneeFrancolini_MaineFish,Menticirrhus saxatilis
ReneeFrancolini_MaineFish,Merluccius bilinearis
ReneeFrancolini_MaineFish,Microgadus tomcod
ReneeFrancolini_MaineFish,Micropogonias undulatus
ReneeFrancolini_MaineFish,Mola mola
ReneeFrancolini_MaineFish,Morone saxatilis
ReneeFrancolini_MaineFish,Morone americana
ReneeFrancolini_MaineFish,Mullus auratus
ReneeFrancolini_MaineFish,Myoxocephalus aenaeus
ReneeFrancolini_MaineFish,Myoxocephalus octodecemspinosus
ReneeFrancolini_MaineFish,Opsanus tau
ReneeFrancolini_MaineFish,Prionotus evolans
ReneeFrancolini_MaineFish,Prionotus carolinus
ReneeFrancolini_MaineFish,Pseudopleuronectes americanus
ReneeFrancolini_MaineFish,Scophthalmus aquosus
ReneeFrancolini_MaineFish,Sebastes fasciatus
ReneeFrancolini_MaineFish,Selene vomer
ReneeFrancolini_MaineFish,Selene setapinnis
ReneeFrancolini_MaineFish,Sphoeroides maculatus
ReneeFrancolini_MaineFish,Stenotomus chrysops
ReneeFrancolini_MaineFish,Stephanolepis hispidus
ReneeFrancolini_MaineFish,Syngnathus fuscus
ReneeFrancolini_MaineFish,Tautoga onitis
ReneeFrancolini_MaineFish,Tautogolabrus adspersus
ReneeFrancolini_MaineFish,Thalassoma bifasciatum
ReneeFrancolini_MaineFish,Trachurus lathami
ReneeFrancolini_MaineFish,Ulvaria subbifurcata
ReneeFrancolini_MaineFish,Urophycis regia
ReneeFrancolini_MaineFish,Urophycis chuss
ReneeFrancolini_MaineFish,Urophycis tenuis
ReneeFrancolini_MaineFish,Acipenser oxyrhynchus
ReneeFrancolini_MaineFish,Stichaeus punctatus
ReneeFrancolini_MaineFish,Alectis ciliaris
ReneeFrancolini_MaineFish,Alosa aestivalis
ReneeFrancolini_MaineFish,Alosa psuedoharengus
ReneeFrancolini_MaineFish,Alosa sapidissima
ReneeFrancolini_MaineFish,Anarhichas lupus
ReneeFrancolini_MaineFish,Carcharhinus obscurus
ReneeFrancolini_MaineFish,Carcharhinus plumbeus
ReneeFrancolini_MaineFish,Carcharias taurus
ReneeFrancolini_MaineFish,Carcharodon carcharias
ReneeFrancolini_MaineFish,Clupea harengus
ReneeFrancolini_MaineFish,Decapterus macarellus
ReneeFrancolini_MaineFish,Fundulus heteroclitus
ReneeFrancolini_MaineFish,Gadus morhua
ReneeFrancolini_MaineFish,Gasterosteus aculeatus
ReneeFrancolini_MaineFish,Gasterosteus wheatlandi
ReneeFrancolini_MaineFish,Mugil cephalus
ReneeFrancolini_MaineFish,Mugil curema
ReneeFrancolini_MaineFish,Myoxocephalus scorpius
ReneeFrancolini_MaineFish,Osmerus mordax
ReneeFrancolini_MaineFish,Paralichthys dentatus
ReneeFrancolini_MaineFish,Peprilus triacanthus
ReneeFrancolini_MaineFish,Pollachius virens
ReneeFrancolini_MaineFish,Pomatomus saltatrix
ReneeFrancolini_MaineFish,Prionace glauca
ReneeFrancolini_MaineFish,Rachycentron canadum
ReneeFrancolini_MaineFish,Salmo salar
ReneeFrancolini_MaineFish,Selar crumenophthalmus
ReneeFrancolini_MaineFish,Sphyrna zygaena
ReneeFrancolini_MaineFish,Squalus acanthias
ReneeFrancolini_MaineFish,Thunnus thynnus
ReneeFrancolini_MaineFish,Trinectes maculatus
ReneeFrancolini_MaineFish,Bathytoshia centroura
ReneeFrancolini_MaineFish,Brevoortia tyrannus
ReneeFrancolini_MaineFish,Acipenser brevirostrum
ReneeFrancolini_MaineFish,Anguilla rostrata
ReneeFrancolini_MaineFish,Menidia menidia
ReneeFrancolini_MaineFish,Fundulus diaphanus
ReneeFrancolini_MaineFish,Fundulus luciae
ReneeFrancolini_MaineFish,Lucania parva
ReneeFrancolini_MaineFish,Brosme brosme
ReneeFrancolini_MaineFish,Xyrichtys novacula
ReneeFrancolini_MaineFish,Eumicrotremus spinosus
ReneeFrancolini_MaineFish,Pungitius pungitius
ReneeFrancolini_MaineFish,Liparis gibbus
ReneeFrancolini_MaineFish,Pholis gunnellus
ReneeFrancolini_MaineFish,Sebastes norvegicus
ReneeFrancolini_MaineFish,Eumesogrammus praecisus
ReneeFrancolini_MaineFish,Lumpenus lampretaeformis
ReneeFrancolini_MaineFish,Myzopsetta ferruginea
ReneeFrancolini_MaineFish,Hippoglossoides platessoides
ReneeFrancolini_MaineFish,Sarda sarda
ReneeFrancolini_MaineFish,Scomber scombrus
ReneeFrancolini_MaineFish,Dactylopterus volitans
ReneeFrancolini_MaineFish,Glyptocephalus cynoglossus
ReneeFrancolini_MaineFish,Gobiosoma bosc
ReneeFrancolini_MaineFish,Gobiosoma ginsburgi
ReneeFrancolini_MaineFish,Hyporhamphus unifasciatus
ReneeFrancolini_MaineFish,Mustelus canis
ReneeFrancolini_MaineFish,Strongylura marina
ReneeFrancolini_MaineFish,Syngnathus leptorhynchus
ReneeFrancolini_MaineFish,Synodus foetens
ReneeFrancolini_MaineFish,Zoarces americanus
ReneeFrancolini_MaineFish,Caranx hippos
ReneeFrancolini_MaineFish,Ariomma bondi
ReneeFrancolini_MaineFish,Caranx cryso
ReneeFrancolini_MaineFish,Cryptacanthodes maculatus
ReneeFrancolini_MaineFish,Decapterus punctatus
ReneeFrancolini_MaineFish,Lactophrys trigonus
ReneeFrancolini_MaineFish,Limanda ferruginea
ReneeFrancolini_MaineFish,Liparis atlanticus
ReneeFrancolini_MaineFish,Pleuronectes putnami
ReneeFrancolini_MaineFish,Pristigenys alta
ReneeFrancolini_MaineFish,Rostroraja eglanteria
ReneeFrancolini_MaineFish,Seriola zonata
ReneeFrancolini_MaineFish,Sphyraena borealis
ReneeFrancolini_MaineFish,Trachinotus falcatus
HarrisonGoldspiel_LandVertsNortheast,Lithobates sylvaticus
HarrisonGoldspiel_LandVertsNortheast,Lithobates catesbeianus
HarrisonGoldspiel_LandVertsNortheast,Lithobates clamitans
HarrisonGoldspiel_LandVertsNortheast,Lithobates palustris
HarrisonGoldspiel_LandVertsNortheast,Lithobates pipiens
HarrisonGoldspiel_LandVertsNortheast,Lithobates septentrionalis
HarrisonGoldspiel_LandVertsNortheast,Pseudacris crucifer
HarrisonGoldspiel_LandVertsNortheast,Hyla versicolor
HarrisonGoldspiel_LandVertsNortheast,Hyla chrysoscelis
HarrisonGoldspiel_LandVertsNortheast,Anaxyrus americanus
HarrisonGoldspiel_LandVertsNortheast,Ambystoma maculatum
HarrisonGoldspiel_LandVertsNortheast,Ambystoma laterale
HarrisonGoldspiel_LandVertsNortheast,Ambystoma jeffersonianum x laterale
HarrisonGoldspiel_LandVertsNortheast,Notopthalmus viridescens
HarrisonGoldspiel_LandVertsNortheast,Plethodon cinereus
HarrisonGoldspiel_LandVertsNortheast,Hemidactylium scutatum
HarrisonGoldspiel_LandVertsNortheast,Desmognathus fuscus
HarrisonGoldspiel_LandVertsNortheast,Eurycea bislineata
HarrisonGoldspiel_LandVertsNortheast,Gyrinophilus porphyriticus
HarrisonGoldspiel_LandVertsNortheast,Necturus maculosus
HarrisonGoldspiel_LandVertsNortheast,Lithobates kauffeldi
HarrisonGoldspiel_LandVertsNortheast,Lithobates sphenocephalus
HarrisonGoldspiel_LandVertsNortheast,Lithobates vergatipes
HarrisonGoldspiel_LandVertsNortheast,Hyla andersonii
HarrisonGoldspiel_LandVertsNortheast,Acris crepitans
HarrisonGoldspiel_LandVertsNortheast,Acris blanchardi
HarrisonGoldspiel_LandVertsNortheast,Pseudacris triseriata
HarrisonGoldspiel_LandVertsNortheast,Pseudacris brachyphona
HarrisonGoldspiel_LandVertsNortheast,Anaxyrus fowleri
HarrisonGoldspiel_LandVertsNortheast,Scaphiopus holbrookii
HarrisonGoldspiel_LandVertsNortheast,Ambystoma jeffersonianum
HarrisonGoldspiel_LandVertsNortheast,Ambystoma opacum
HarrisonGoldspiel_LandVertsNortheast,Ambystoma texanum
HarrisonGoldspiel_LandVertsNortheast,Ambystoma barbouri
HarrisonGoldspiel_LandVertsNortheast,Ambystoma tigrinum
HarrisonGoldspiel_LandVertsNortheast,Plethodon glutinosus
HarrisonGoldspiel_LandVertsNortheast,Plethodon hoffmani
HarrisonGoldspiel_LandVertsNortheast,Plethodon richmondi
HarrisonGoldspiel_LandVertsNortheast,Plethodon wehrlei
HarrisonGoldspiel_LandVertsNortheast,Pseudotriton ruber
HarrisonGoldspiel_LandVertsNortheast,Pseudotriton montanus
HarrisonGoldspiel_LandVertsNortheast,Aneides aneides
HarrisonGoldspiel_LandVertsNortheast,Desmognathus monticola
HarrisonGoldspiel_LandVertsNortheast,Desmognathus ochrophaeus
HarrisonGoldspiel_LandVertsNortheast,Eurycea cirrigera
HarrisonGoldspiel_LandVertsNortheast,Eurycea longicauda
HarrisonGoldspiel_LandVertsNortheast,Eurycea lucifuga
HarrisonGoldspiel_LandVertsNortheast,Cryptobranchus alleganiensis
HarrisonGoldspiel_LandVertsNortheast,Siren intermedia
HarrisonGoldspiel_LandVertsNortheast,Chrysemys picta
HarrisonGoldspiel_LandVertsNortheast,Clemmys guttata
HarrisonGoldspiel_LandVertsNortheast,Emydoidiae blandingii
HarrisonGoldspiel_LandVertsNortheast,Glyptemys insculpta
HarrisonGoldspiel_LandVertsNortheast,Terrapene carolina
HarrisonGoldspiel_LandVertsNortheast,Trachemys scripta
HarrisonGoldspiel_LandVertsNortheast,Chelydra serpentina
HarrisonGoldspiel_LandVertsNortheast,Sternotherus odoratus
HarrisonGoldspiel_LandVertsNortheast,Coluber constrictor
HarrisonGoldspiel_LandVertsNortheast,Diadophis punctatus
HarrisonGoldspiel_LandVertsNortheast,Lampropeltis triangulum
HarrisonGoldspiel_LandVertsNortheast,Nerodia sipedon
HarrisonGoldspiel_LandVertsNortheast,Opheodrys vernalis
HarrisonGoldspiel_LandVertsNortheast,Thamnophis sauritus
HarrisonGoldspiel_LandVertsNortheast,Thamnophis sirtalis
HarrisonGoldspiel_LandVertsNortheast,Storeria dekayi
HarrisonGoldspiel_LandVertsNortheast,Storeria occipitomaculata
HarrisonGoldspiel_LandVertsNortheast,Crotalus horridus
HarrisonGoldspiel_LandVertsNortheast,Clemmys muhlenbergii
HarrisonGoldspiel_LandVertsNortheast,Graptemys geographica
HarrisonGoldspiel_LandVertsNortheast,Graptemys ouachitensis
HarrisonGoldspiel_LandVertsNortheast,Graptemys pseudogeographica
HarrisonGoldspiel_LandVertsNortheast,Malaclemys terrapin
HarrisonGoldspiel_LandVertsNortheast,Pseudemys concinna
HarrisonGoldspiel_LandVertsNortheast,Pseudemys rubiventris
HarrisonGoldspiel_LandVertsNortheast,Terrapene ornata
HarrisonGoldspiel_LandVertsNortheast,Macrochelys temminckii
HarrisonGoldspiel_LandVertsNortheast,Kinosternon subrubrum
HarrisonGoldspiel_LandVertsNortheast,Apalone mutica
HarrisonGoldspiel_LandVertsNortheast,Apalone spinifera
HarrisonGoldspiel_LandVertsNortheast,Ophisaurus attenuatus
HarrisonGoldspiel_LandVertsNortheast,Carphophis amoenus
HarrisonGoldspiel_LandVertsNortheast,Cemophora coccinea
HarrisonGoldspiel_LandVertsNortheast,Clonophis kirtlandii
HarrisonGoldspiel_LandVertsNortheast,Elaphe obsoleta
HarrisonGoldspiel_LandVertsNortheast,Farancia abacura
HarrisonGoldspiel_LandVertsNortheast,Haldea striatula
HarrisonGoldspiel_LandVertsNortheast,Heterodon platirhinos
HarrisonGoldspiel_LandVertsNortheast,Lampropeltis calligaster
HarrisonGoldspiel_LandVertsNortheast,Lampropeltis getula
HarrisonGoldspiel_LandVertsNortheast,Nerodia erythrogaster
HarrisonGoldspiel_LandVertsNortheast,Nerodia rhombifer
HarrisonGoldspiel_LandVertsNortheast,Opheodrys aestivus
HarrisonGoldspiel_LandVertsNortheast,Pantherophis alleghaniensis
HarrisonGoldspiel_LandVertsNortheast,Pantherophis spiloides
HarrisonGoldspiel_LandVertsNortheast,Pantherophis vulpinus
HarrisonGoldspiel_LandVertsNortheast,Pituophis catenifer
HarrisonGoldspiel_LandVertsNortheast,Regina septemvittata
HarrisonGoldspiel_LandVertsNortheast,Tantilla coronata
HarrisonGoldspiel_LandVertsNortheast,Thamnophis brachystoma
HarrisonGoldspiel_LandVertsNortheast,Thamnophis butleri
HarrisonGoldspiel_LandVertsNortheast,Thamnophis proximus
HarrisonGoldspiel_LandVertsNortheast,Thamnophis radix
HarrisonGoldspiel_LandVertsNortheast,Virginia valeriae
HarrisonGoldspiel_LandVertsNortheast,Sceloporus undulatus
HarrisonGoldspiel_LandVertsNortheast,Podarcis sicula
HarrisonGoldspiel_LandVertsNortheast,Plestiodon anthracinus
HarrisonGoldspiel_LandVertsNortheast,Plestiodon fasciatus
HarrisonGoldspiel_LandVertsNortheast,Plestiodon laticeps
HarrisonGoldspiel_LandVertsNortheast,Scincella lateralis
HarrisonGoldspiel_LandVertsNortheast,Aspidoscelis sexlineatus
HarrisonGoldspiel_LandVertsNortheast,Agkistrodon contortrix
HarrisonGoldspiel_LandVertsNortheast,Agkistrodon piscivorus
HarrisonGoldspiel_LandVertsNortheast,Sisturus catenatus
HarrisonGoldspiel_LandVertsNortheast,Accipiter cooperii
HarrisonGoldspiel_LandVertsNortheast,Accipiter gentilis
HarrisonGoldspiel_LandVertsNortheast,Accipiter striatus
HarrisonGoldspiel_LandVertsNortheast,Aquila chrysaetos
HarrisonGoldspiel_LandVertsNortheast,Buteo albonotatus
HarrisonGoldspiel_LandVertsNortheast,Buteo jamaicensis
HarrisonGoldspiel_LandVertsNortheast,Buteo lagopus
HarrisonGoldspiel_LandVertsNortheast,Buteo lineatus
HarrisonGoldspiel_LandVertsNortheast,Buteo platypterus
HarrisonGoldspiel_LandVertsNortheast,Buteo swainsoni
HarrisonGoldspiel_LandVertsNortheast,Circus hudsonius
HarrisonGoldspiel_LandVertsNortheast,Elanoides forficatus
HarrisonGoldspiel_LandVertsNortheast,Elanus leucurus
HarrisonGoldspiel_LandVertsNortheast,Geranoaetus albicaudatus
HarrisonGoldspiel_LandVertsNortheast,Haliaeetus albicilla
HarrisonGoldspiel_LandVertsNortheast,Haliaeetus leucocephalus
HarrisonGoldspiel_LandVertsNortheast,Haliaeetus pelagicus
HarrisonGoldspiel_LandVertsNortheast,Ictinia mississippiensis
HarrisonGoldspiel_LandVertsNortheast,Pandion haliaetus
HarrisonGoldspiel_LandVertsNortheast,Aix galericulata
HarrisonGoldspiel_LandVertsNortheast,Aix sponsa
HarrisonGoldspiel_LandVertsNortheast,Anas acuta
HarrisonGoldspiel_LandVertsNortheast,Anas carolinensis
HarrisonGoldspiel_LandVertsNortheast,Anas crecca
HarrisonGoldspiel_LandVertsNortheast,Anas platyrhynchos
HarrisonGoldspiel_LandVertsNortheast,Anas rubripes
HarrisonGoldspiel_LandVertsNortheast,Anser albifrons
HarrisonGoldspiel_LandVertsNortheast,Anser brachyrhynchus
HarrisonGoldspiel_LandVertsNortheast,Anser caerulescens
HarrisonGoldspiel_LandVertsNortheast,Anser indicus
HarrisonGoldspiel_LandVertsNortheast,Anser rossii
HarrisonGoldspiel_LandVertsNortheast,Aythya americana
HarrisonGoldspiel_LandVertsNortheast,Aythya collaris
HarrisonGoldspiel_LandVertsNortheast,Aythya fuligula
HarrisonGoldspiel_LandVertsNortheast,Aythya marila
HarrisonGoldspiel_LandVertsNortheast,Aythya valisineria
HarrisonGoldspiel_LandVertsNortheast,Branta bernicula
HarrisonGoldspiel_LandVertsNortheast,Branta canadensis
HarrisonGoldspiel_LandVertsNortheast,Branta hutchinsii
HarrisonGoldspiel_LandVertsNortheast,Branta leucopsis
HarrisonGoldspiel_LandVertsNortheast,Bucephala albeola
HarrisonGoldspiel_LandVertsNortheast,Bucephala clangula
HarrisonGoldspiel_LandVertsNortheast,Bucephala islandica
HarrisonGoldspiel_LandVertsNortheast,Camptorhynchus labradorius
HarrisonGoldspiel_LandVertsNortheast,Carina moschata
HarrisonGoldspiel_LandVertsNortheast,Clangula hyemalis
HarrisonGoldspiel_LandVertsNortheast,Cygnus buccinator
HarrisonGoldspiel_LandVertsNortheast,Cygnus columbianus
HarrisonGoldspiel_LandVertsNortheast,Cygnus cygnus
HarrisonGoldspiel_LandVertsNortheast,Cygnus olor
HarrisonGoldspiel_LandVertsNortheast,Dendrocygna autumnalis
HarrisonGoldspiel_LandVertsNortheast,Dendrocygna bicolor
HarrisonGoldspiel_LandVertsNortheast,Histrionicus histrionicus
HarrisonGoldspiel_LandVertsNortheast,Lophodytes cucullatus
HarrisonGoldspiel_LandVertsNortheast,Mareca americana
HarrisonGoldspiel_LandVertsNortheast,Mareca strepera
HarrisonGoldspiel_LandVertsNortheast,Mareca penelope
HarrisonGoldspiel_LandVertsNortheast,Melanitta americana
HarrisonGoldspiel_LandVertsNortheast,Melanitta deglandi
HarrisonGoldspiel_LandVertsNortheast,Melanitta perspicillata
HarrisonGoldspiel_LandVertsNortheast,Mergus merganser
HarrisonGoldspiel_LandVertsNortheast,Mergus serrator
HarrisonGoldspiel_LandVertsNortheast,Nomonyx dominicus
HarrisonGoldspiel_LandVertsNortheast,Oxyura jamaicensis
HarrisonGoldspiel_LandVertsNortheast,Polysticta stelleri
HarrisonGoldspiel_LandVertsNortheast,Somateria mollissima
HarrisonGoldspiel_LandVertsNortheast,Somateria spectabilis
HarrisonGoldspiel_LandVertsNortheast,Spatula clypeata
HarrisonGoldspiel_LandVertsNortheast,Spatula cyanoptera
HarrisonGoldspiel_LandVertsNortheast,Spatula discors
HarrisonGoldspiel_LandVertsNortheast,Spatula querquedula
HarrisonGoldspiel_LandVertsNortheast,Anatidae affinis
HarrisonGoldspiel_LandVertsNortheast,Chaetura pelagica
HarrisonGoldspiel_LandVertsNortheast,Cypseloides niger
HarrisonGoldspiel_LandVertsNortheast,Archilochus alexandri
HarrisonGoldspiel_LandVertsNortheast,Archilochus alexandri
HarrisonGoldspiel_LandVertsNortheast,Calypte anna
HarrisonGoldspiel_LandVertsNortheast,Colibri thalassinus
HarrisonGoldspiel_LandVertsNortheast,Cynanthus latirostris
HarrisonGoldspiel_LandVertsNortheast,Selasphorus calliope
HarrisonGoldspiel_LandVertsNortheast,Selasphorus rufus
HarrisonGoldspiel_LandVertsNortheast,Selasphorus sasin
HarrisonGoldspiel_LandVertsNortheast,Antrostomus carolinensis
HarrisonGoldspiel_LandVertsNortheast,Antrostomus vociferus
HarrisonGoldspiel_LandVertsNortheast,Chordeiles acutipennis
HarrisonGoldspiel_LandVertsNortheast,Chordeiles minor
HarrisonGoldspiel_LandVertsNortheast,Cathartes aura
HarrisonGoldspiel_LandVertsNortheast,Coragyps atratus
HarrisonGoldspiel_LandVertsNortheast,Alca torda
HarrisonGoldspiel_LandVertsNortheast,Alle alle
HarrisonGoldspiel_LandVertsNortheast,Brachyramphus perdix
HarrisonGoldspiel_LandVertsNortheast,Cepphus grylle
HarrisonGoldspiel_LandVertsNortheast,Fratercula arctica
HarrisonGoldspiel_LandVertsNortheast,Fratercula cirrhata
HarrisonGoldspiel_LandVertsNortheast,Synthiloboramphus antiquus
HarrisonGoldspiel_LandVertsNortheast,Uria aalge
HarrisonGoldspiel_LandVertsNortheast,Uria lomvia
HarrisonGoldspiel_LandVertsNortheast,Charadrius hiaticula
HarrisonGoldspiel_LandVertsNortheast,Charadrius melodus
HarrisonGoldspiel_LandVertsNortheast,Charadrius montanus
HarrisonGoldspiel_LandVertsNortheast,Charadrius nivosus
HarrisonGoldspiel_LandVertsNortheast,Charadrius semipalmatus
HarrisonGoldspiel_LandVertsNortheast,Charadrius vociferus
HarrisonGoldspiel_LandVertsNortheast,Charadrius wilsonia
HarrisonGoldspiel_LandVertsNortheast,Pluvialis apricaria
HarrisonGoldspiel_LandVertsNortheast,Pluvialis dominica
HarrisonGoldspiel_LandVertsNortheast,Pluvialis fulva
HarrisonGoldspiel_LandVertsNortheast,Pluvialis squatarola
HarrisonGoldspiel_LandVertsNortheast,Vanellus vanellus
HarrisonGoldspiel_LandVertsNortheast,Haematopus palliatus
HarrisonGoldspiel_LandVertsNortheast,Anous stolidus
HarrisonGoldspiel_LandVertsNortheast,Childonias leucopterus
HarrisonGoldspiel_LandVertsNortheast,Childonias niger
HarrisonGoldspiel_LandVertsNortheast,Chroicocephalus philadelphia
HarrisonGoldspiel_LandVertsNortheast,Chroicocephalus ridibundus
HarrisonGoldspiel_LandVertsNortheast,Gelochelidon nilotica
HarrisonGoldspiel_LandVertsNortheast,Hydrocoleus minutus
HarrisonGoldspiel_LandVertsNortheast,Hydroprogne caspia
HarrisonGoldspiel_LandVertsNortheast,Larus argentatus
HarrisonGoldspiel_LandVertsNortheast,Larus brachyrhynchus
HarrisonGoldspiel_LandVertsNortheast,Larus canus
HarrisonGoldspiel_LandVertsNortheast,Larus crassirostris
HarrisonGoldspiel_LandVertsNortheast,Larus delawarensis
HarrisonGoldspiel_LandVertsNortheast,Larus fuscus
HarrisonGoldspiel_LandVertsNortheast,Larus glaucensens
HarrisonGoldspiel_LandVertsNortheast,Larus glaucoides
HarrisonGoldspiel_LandVertsNortheast,Larus heermanni
HarrisonGoldspiel_LandVertsNortheast,Larus hyperboreus
HarrisonGoldspiel_LandVertsNortheast,Larus marinus
HarrisonGoldspiel_LandVertsNortheast,Larus schistisagus
HarrisonGoldspiel_LandVertsNortheast,Leucophaeus atricilla
HarrisonGoldspiel_LandVertsNortheast,Leucophaeus pipixcan
HarrisonGoldspiel_LandVertsNortheast,Onychoprion anaethetus
HarrisonGoldspiel_LandVertsNortheast,Onychoprion fuscata
HarrisonGoldspiel_LandVertsNortheast,Pagophila eburnea
HarrisonGoldspiel_LandVertsNortheast,Rhodostethia rosea
HarrisonGoldspiel_LandVertsNortheast,Rissa tridactyla
HarrisonGoldspiel_LandVertsNortheast,Rynchops niger
HarrisonGoldspiel_LandVertsNortheast,Sterna dougallii
HarrisonGoldspiel_LandVertsNortheast,Sterna forsteri
HarrisonGoldspiel_LandVertsNortheast,Sterna hirundo
HarrisonGoldspiel_LandVertsNortheast,Sterna paradiseae
HarrisonGoldspiel_LandVertsNortheast,Sternula antillarum
HarrisonGoldspiel_LandVertsNortheast,Thalasseus elegans
HarrisonGoldspiel_LandVertsNortheast,Thalasseus maxima
HarrisonGoldspiel_LandVertsNortheast,Thalasseus sandvicensis
HarrisonGoldspiel_LandVertsNortheast,Xema sabini
HarrisonGoldspiel_LandVertsNortheast,Himantopus mexicanus
HarrisonGoldspiel_LandVertsNortheast,Recurvirostra americana
HarrisonGoldspiel_LandVertsNortheast,Actitis macularius
HarrisonGoldspiel_LandVertsNortheast,Arenaria interpres
HarrisonGoldspiel_LandVertsNortheast,Bartramia longicauda
HarrisonGoldspiel_LandVertsNortheast,Calidris acuminata
HarrisonGoldspiel_LandVertsNortheast,Calidris alba
HarrisonGoldspiel_LandVertsNortheast,Calidris alpina
HarrisonGoldspiel_LandVertsNortheast,Calidris bairdii
HarrisonGoldspiel_LandVertsNortheast,Calidris canutus
HarrisonGoldspiel_LandVertsNortheast,Calidris falcinellus
HarrisonGoldspiel_LandVertsNortheast,Calidris ferruginea
HarrisonGoldspiel_LandVertsNortheast,Calidris himantopus
HarrisonGoldspiel_LandVertsNortheast,Calidris maritima
HarrisonGoldspiel_LandVertsNortheast,Calidris mauri
HarrisonGoldspiel_LandVertsNortheast,Calidris melanotos
HarrisonGoldspiel_LandVertsNortheast,Calidris minuta
HarrisonGoldspiel_LandVertsNortheast,Calidris minutilla
HarrisonGoldspiel_LandVertsNortheast,Calidris pugnax
HarrisonGoldspiel_LandVertsNortheast,Calidris pusilla
HarrisonGoldspiel_LandVertsNortheast,Calidris ruficollis
HarrisonGoldspiel_LandVertsNortheast,Calidris subruficollis
HarrisonGoldspiel_LandVertsNortheast,Calidris tenuirostris
HarrisonGoldspiel_LandVertsNortheast,Calidris virgata
HarrisonGoldspiel_LandVertsNortheast,Gallinago delicata
HarrisonGoldspiel_LandVertsNortheast,Limnodromus griseus
HarrisonGoldspiel_LandVertsNortheast,Limnodromus scolopaceus
HarrisonGoldspiel_LandVertsNortheast,Limosa fedoa
HarrisonGoldspiel_LandVertsNortheast,Limosa haemastica
HarrisonGoldspiel_LandVertsNortheast,Limosa lapponica
HarrisonGoldspiel_LandVertsNortheast,Limosa limosa
HarrisonGoldspiel_LandVertsNortheast,Numenius americanus
HarrisonGoldspiel_LandVertsNortheast,Numenius arquata
HarrisonGoldspiel_LandVertsNortheast,Numenius borealis
HarrisonGoldspiel_LandVertsNortheast,Numenius phaeopus
HarrisonGoldspiel_LandVertsNortheast,Phalaropus fulicarius
HarrisonGoldspiel_LandVertsNortheast,Phalaropus lobatus
HarrisonGoldspiel_LandVertsNortheast,Phalaropus tricolor
HarrisonGoldspiel_LandVertsNortheast,Scolopax minor
HarrisonGoldspiel_LandVertsNortheast,Tringa brevipes
HarrisonGoldspiel_LandVertsNortheast,Tringa erythropus
HarrisonGoldspiel_LandVertsNortheast,Tringa flavipes
HarrisonGoldspiel_LandVertsNortheast,Tringa incana
HarrisonGoldspiel_LandVertsNortheast,Tringa melanoleuca
HarrisonGoldspiel_LandVertsNortheast,Tringa nebularia
HarrisonGoldspiel_LandVertsNortheast,Tringa semipalmatus
HarrisonGoldspiel_LandVertsNortheast,Tringa solitaria
HarrisonGoldspiel_LandVertsNortheast,Xenus cinereus
HarrisonGoldspiel_LandVertsNortheast,Stercorarius longicaudus
HarrisonGoldspiel_LandVertsNortheast,Stercorarius maccormicki
HarrisonGoldspiel_LandVertsNortheast,Stercorarius parasiticus
HarrisonGoldspiel_LandVertsNortheast,Stercorarius pomarinus
HarrisonGoldspiel_LandVertsNortheast,Stercorarius skua
HarrisonGoldspiel_LandVertsNortheast,Mycteria americana
HarrisonGoldspiel_LandVertsNortheast,Columba livia
HarrisonGoldspiel_LandVertsNortheast,Columbina passerina
HarrisonGoldspiel_LandVertsNortheast,Ectopistes migratorius
HarrisonGoldspiel_LandVertsNortheast,Patagioenas fasciata
HarrisonGoldspiel_LandVertsNortheast,Streptopelia decaocto
HarrisonGoldspiel_LandVertsNortheast,Streptopelia turtur
HarrisonGoldspiel_LandVertsNortheast,Zenaida asiatica
HarrisonGoldspiel_LandVertsNortheast,Zenaida macroura
HarrisonGoldspiel_LandVertsNortheast,Megaceryle alcyon
HarrisonGoldspiel_LandVertsNortheast,Coccyzus americanus
HarrisonGoldspiel_LandVertsNortheast,Coccyzus erythropthalmus
HarrisonGoldspiel_LandVertsNortheast,Crotophaga sulcirostris
HarrisonGoldspiel_LandVertsNortheast,Cuculus canorus
HarrisonGoldspiel_LandVertsNortheast,Caracara plancus
HarrisonGoldspiel_LandVertsNortheast,Falco columbarius
HarrisonGoldspiel_LandVertsNortheast,Falco peregrinus
HarrisonGoldspiel_LandVertsNortheast,Falco rusticolus
HarrisonGoldspiel_LandVertsNortheast,Falco sparverius
HarrisonGoldspiel_LandVertsNortheast,Falco subbuteo
HarrisonGoldspiel_LandVertsNortheast,Falco tinnunculus
HarrisonGoldspiel_LandVertsNortheast,Falco vespertinus
HarrisonGoldspiel_LandVertsNortheast,Colinus virginianus
HarrisonGoldspiel_LandVertsNortheast,Bonasa umbellus
HarrisonGoldspiel_LandVertsNortheast,Falcipennis canadensis
HarrisonGoldspiel_LandVertsNortheast,Lagopus lagopus
HarrisonGoldspiel_LandVertsNortheast,Meleagris gallopavo
HarrisonGoldspiel_LandVertsNortheast,Pavo cristatus
HarrisonGoldspiel_LandVertsNortheast,Phasianus colchicus
HarrisonGoldspiel_LandVertsNortheast,Tympanuchus cupido
HarrisonGoldspiel_LandVertsNortheast,Gavia adamsii
HarrisonGoldspiel_LandVertsNortheast,Gavia immer
HarrisonGoldspiel_LandVertsNortheast,Gavia pacifica
HarrisonGoldspiel_LandVertsNortheast,Gavia stellata
HarrisonGoldspiel_LandVertsNortheast,Coturnicops noveboracensis
HarrisonGoldspiel_LandVertsNortheast,Crex crex
HarrisonGoldspiel_LandVertsNortheast,Fulica americana
HarrisonGoldspiel_LandVertsNortheast,Gallinula galeata
HarrisonGoldspiel_LandVertsNortheast,Laterallus jamaicensis
HarrisonGoldspiel_LandVertsNortheast,Porphyrio martinica
HarrisonGoldspiel_LandVertsNortheast,Porzana carolina
HarrisonGoldspiel_LandVertsNortheast,Rallus crepitans
HarrisonGoldspiel_LandVertsNortheast,Rallus elegans
HarrisonGoldspiel_LandVertsNortheast,Rallus limicola
HarrisonGoldspiel_LandVertsNortheast,Antigone canadensis
HarrisonGoldspiel_LandVertsNortheast,Grus americana
HarrisonGoldspiel_LandVertsNortheast,Eremophila alpestris
HarrisonGoldspiel_LandVertsNortheast,Bombycilla cedrorum
HarrisonGoldspiel_LandVertsNortheast,Bombycilla garrulus
HarrisonGoldspiel_LandVertsNortheast,Calcarius lapponicus
HarrisonGoldspiel_LandVertsNortheast,Calcarius ornatus
HarrisonGoldspiel_LandVertsNortheast,Calcarius pictus
HarrisonGoldspiel_LandVertsNortheast,Plectrophenax nivalis
HarrisonGoldspiel_LandVertsNortheast,Cardinalis cardinalis
HarrisonGoldspiel_LandVertsNortheast,Passerina amoena
HarrisonGoldspiel_LandVertsNortheast,Passerina caerulea
HarrisonGoldspiel_LandVertsNortheast,Passerina ciris
HarrisonGoldspiel_LandVertsNortheast,Passerina cyanea
HarrisonGoldspiel_LandVertsNortheast,Pheucticus ludovicianus
HarrisonGoldspiel_LandVertsNortheast,Pheucticus melanocephalus
HarrisonGoldspiel_LandVertsNortheast,Piranga ludoviciana
HarrisonGoldspiel_LandVertsNortheast,Piranga olivacea
HarrisonGoldspiel_LandVertsNortheast,Piranga rubra
HarrisonGoldspiel_LandVertsNortheast,Spiza americana
HarrisonGoldspiel_LandVertsNortheast,Certhia americana
HarrisonGoldspiel_LandVertsNortheast,Corvus brachyrhynchos
HarrisonGoldspiel_LandVertsNortheast,Corvus corax
HarrisonGoldspiel_LandVertsNortheast,Corvus monedula
HarrisonGoldspiel_LandVertsNortheast,Corvus ossifragus
HarrisonGoldspiel_LandVertsNortheast,Cyanocitta cristata
HarrisonGoldspiel_LandVertsNortheast,Perisoreus canadensis
HarrisonGoldspiel_LandVertsNortheast,Pica hudsonia
HarrisonGoldspiel_LandVertsNortheast,Acanthis flammea
HarrisonGoldspiel_LandVertsNortheast,Acanthis hornemanni
HarrisonGoldspiel_LandVertsNortheast,Coccothraustes vespertinus
HarrisonGoldspiel_LandVertsNortheast,Fringilla coelebs
HarrisonGoldspiel_LandVertsNortheast,Fringilla montrifringilla
HarrisonGoldspiel_LandVertsNortheast,Haemorhouse mexicanus
HarrisonGoldspiel_LandVertsNortheast,Haemorhouse purpureus
HarrisonGoldspiel_LandVertsNortheast,Loxia curvirostra
HarrisonGoldspiel_LandVertsNortheast,Loxia leucoptera
HarrisonGoldspiel_LandVertsNortheast,Pinicola enucleator
HarrisonGoldspiel_LandVertsNortheast,Spinus pinus
HarrisonGoldspiel_LandVertsNortheast,Spinus tristis
HarrisonGoldspiel_LandVertsNortheast,Hirundo rustica
HarrisonGoldspiel_LandVertsNortheast,Petrochelidon fulva
HarrisonGoldspiel_LandVertsNortheast,Petrochelidon pyrrhonota
HarrisonGoldspiel_LandVertsNortheast,Progne subis
HarrisonGoldspiel_LandVertsNortheast,Progne tapera
HarrisonGoldspiel_LandVertsNortheast,Riparia riparia
HarrisonGoldspiel_LandVertsNortheast,Stelgidopteryx serripennis
HarrisonGoldspiel_LandVertsNortheast,Tachycineta bicolor
HarrisonGoldspiel_LandVertsNortheast,Tachycineta thalassina
HarrisonGoldspiel_LandVertsNortheast,Agelaius phoeniceus
HarrisonGoldspiel_LandVertsNortheast,Dolichonyx oryzivorus
HarrisonGoldspiel_LandVertsNortheast,Euphagus carolinus
HarrisonGoldspiel_LandVertsNortheast,Euphagus cyanocephalus
HarrisonGoldspiel_LandVertsNortheast,Icteria virens
HarrisonGoldspiel_LandVertsNortheast,Icterus bullockii
HarrisonGoldspiel_LandVertsNortheast,Icterus galbula
HarrisonGoldspiel_LandVertsNortheast,Icterus spurius
HarrisonGoldspiel_LandVertsNortheast,Molothrus ater
HarrisonGoldspiel_LandVertsNortheast,Molothrus bonariensis
HarrisonGoldspiel_LandVertsNortheast,Quiscalus major
HarrisonGoldspiel_LandVertsNortheast,Quiscalus mexicanus
HarrisonGoldspiel_LandVertsNortheast,Quiscalus quiscula
HarrisonGoldspiel_LandVertsNortheast,Sturnella magna
HarrisonGoldspiel_LandVertsNortheast,Sturnella neglecta
HarrisonGoldspiel_LandVertsNortheast,Xanthocephalus xanthocephalus
HarrisonGoldspiel_LandVertsNortheast,Lanius borealis
HarrisonGoldspiel_LandVertsNortheast,Lanius ludovicianus
HarrisonGoldspiel_LandVertsNortheast,Dumetella carolinensis
HarrisonGoldspiel_LandVertsNortheast,Mimus polyglottos
HarrisonGoldspiel_LandVertsNortheast,Oreoscoptes montanus
HarrisonGoldspiel_LandVertsNortheast,Toxostoma rufum
HarrisonGoldspiel_LandVertsNortheast,Anthus rubescens
HarrisonGoldspiel_LandVertsNortheast,Motacilla alba
HarrisonGoldspiel_LandVertsNortheast,Oenanthe oenanthe
HarrisonGoldspiel_LandVertsNortheast,Baelophus bicolor
HarrisonGoldspiel_LandVertsNortheast,Parus major
HarrisonGoldspiel_LandVertsNortheast,Poecile atracapilla
HarrisonGoldspiel_LandVertsNortheast,Poecile hudonica
HarrisonGoldspiel_LandVertsNortheast,Cardellina canadensis
HarrisonGoldspiel_LandVertsNortheast,Cardellina pusilla
HarrisonGoldspiel_LandVertsNortheast,Geothlypis formosa
HarrisonGoldspiel_LandVertsNortheast,Geothlypis philadelphia
HarrisonGoldspiel_LandVertsNortheast,Geothlypis tolmiei
HarrisonGoldspiel_LandVertsNortheast,Geothlypis trichas
HarrisonGoldspiel_LandVertsNortheast,Helmitheros vermicorus
HarrisonGoldspiel_LandVertsNortheast,Leiothlypis celata
HarrisonGoldspiel_LandVertsNortheast,Leiothlypis peregrina
HarrisonGoldspiel_LandVertsNortheast,Leiothlypis ruficapilla
HarrisonGoldspiel_LandVertsNortheast,Leiothlypis virginiae
HarrisonGoldspiel_LandVertsNortheast,Limnothlypis swainsonii
HarrisonGoldspiel_LandVertsNortheast,Mniotilta varia
HarrisonGoldspiel_LandVertsNortheast,Oporornis agilis
HarrisonGoldspiel_LandVertsNortheast,Parkesia motacilla
HarrisonGoldspiel_LandVertsNortheast,Parkesia noveboracensis
HarrisonGoldspiel_LandVertsNortheast,Protonataria citrea
HarrisonGoldspiel_LandVertsNortheast,Seiurus aurocapilla
HarrisonGoldspiel_LandVertsNortheast,Setophaga americana
HarrisonGoldspiel_LandVertsNortheast,Setophaga caerulescens
HarrisonGoldspiel_LandVertsNortheast,Setophaga castanea
HarrisonGoldspiel_LandVertsNortheast,Setophaga cerulea
HarrisonGoldspiel_LandVertsNortheast,Setophaga citrina
HarrisonGoldspiel_LandVertsNortheast,Setophaga coronata
HarrisonGoldspiel_LandVertsNortheast,Setophaga discolor
HarrisonGoldspiel_LandVertsNortheast,Setophaga dominica
HarrisonGoldspiel_LandVertsNortheast,Setophaga fusca
HarrisonGoldspiel_LandVertsNortheast,Setophaga kirtlandii
HarrisonGoldspiel_LandVertsNortheast,Setophaga magnolia
HarrisonGoldspiel_LandVertsNortheast,Setophaga nigrescens
HarrisonGoldspiel_LandVertsNortheast,Setophaga occidentalis
HarrisonGoldspiel_LandVertsNortheast,Setophaga palmarum
HarrisonGoldspiel_LandVertsNortheast,Setophaga pensylvanica
HarrisonGoldspiel_LandVertsNortheast,Setophaga petechia
HarrisonGoldspiel_LandVertsNortheast,Setophaga pinus
HarrisonGoldspiel_LandVertsNortheast,Setophaga ruticilla
HarrisonGoldspiel_LandVertsNortheast,Setophaga striata
HarrisonGoldspiel_LandVertsNortheast,Setophaga tigrina
HarrisonGoldspiel_LandVertsNortheast,Setophaga townsendi
HarrisonGoldspiel_LandVertsNortheast,Setophaga virens
HarrisonGoldspiel_LandVertsNortheast,Vermivora chrysoptera
HarrisonGoldspiel_LandVertsNortheast,Vermivora cyanoptera
HarrisonGoldspiel_LandVertsNortheast,Ammogramus savannarum
HarrisonGoldspiel_LandVertsNortheast,Ammospiza caudacuta
HarrisonGoldspiel_LandVertsNortheast,Ammospiza leconteii
HarrisonGoldspiel_LandVertsNortheast,Ammospiza maritima
HarrisonGoldspiel_LandVertsNortheast,Ammospiza nelsoni
HarrisonGoldspiel_LandVertsNortheast,Calamospiza melanocorys
HarrisonGoldspiel_LandVertsNortheast,Centronyx henslowii
HarrisonGoldspiel_LandVertsNortheast,Chondestes grammacus
HarrisonGoldspiel_LandVertsNortheast,Junco hyemalis
HarrisonGoldspiel_LandVertsNortheast,Melospiza georgiana
HarrisonGoldspiel_LandVertsNortheast,Melospiza lincolnii
HarrisonGoldspiel_LandVertsNortheast,Melospiza melodia
HarrisonGoldspiel_LandVertsNortheast,Passerculus sandwichensis
HarrisonGoldspiel_LandVertsNortheast,Passerella iliaca
HarrisonGoldspiel_LandVertsNortheast,Peucaea aestivalis
HarrisonGoldspiel_LandVertsNortheast,Pipilo chlorurus
HarrisonGoldspiel_LandVertsNortheast,Pipilo erythrophthalmus
HarrisonGoldspiel_LandVertsNortheast,Pipilo maculatus
HarrisonGoldspiel_LandVertsNortheast,Poecetes gramineus
HarrisonGoldspiel_LandVertsNortheast,Spizella pallida
HarrisonGoldspiel_LandVertsNortheast,Spizella passerina
HarrisonGoldspiel_LandVertsNortheast,Spizella pusilla
HarrisonGoldspiel_LandVertsNortheast,Spizelloides arborea
HarrisonGoldspiel_LandVertsNortheast,Zonotrichia albicollis
HarrisonGoldspiel_LandVertsNortheast,Zonotrichia atracapilla
HarrisonGoldspiel_LandVertsNortheast,Zonotrichia leucophyrys
HarrisonGoldspiel_LandVertsNortheast,Zonotrichia querula
HarrisonGoldspiel_LandVertsNortheast,Passer domesticus
HarrisonGoldspiel_LandVertsNortheast,Passer montanus
HarrisonGoldspiel_LandVertsNortheast,Polioptilia caerulea
HarrisonGoldspiel_LandVertsNortheast,Phainopepla nitens
HarrisonGoldspiel_LandVertsNortheast,Regulus calendula
HarrisonGoldspiel_LandVertsNortheast,Regulus satrapa
HarrisonGoldspiel_LandVertsNortheast,Sitta canadensis
HarrisonGoldspiel_LandVertsNortheast,Sitta carolinensis
HarrisonGoldspiel_LandVertsNortheast,Sturnus vulgaris
HarrisonGoldspiel_LandVertsNortheast,Cistothorus palustris
HarrisonGoldspiel_LandVertsNortheast,Cistothorus platensis
HarrisonGoldspiel_LandVertsNortheast,Salpinctes obsoletus
HarrisonGoldspiel_LandVertsNortheast,Thryothorus bewickii
HarrisonGoldspiel_LandVertsNortheast,Thryothorus ludovicianus
HarrisonGoldspiel_LandVertsNortheast,Troglodytes aedon
HarrisonGoldspiel_LandVertsNortheast,Troglodytes hiemalis
HarrisonGoldspiel_LandVertsNortheast,Catharus bicknelli
HarrisonGoldspiel_LandVertsNortheast,Catharus fuscenscens
HarrisonGoldspiel_LandVertsNortheast,Catharus guttatus
HarrisonGoldspiel_LandVertsNortheast,Catharus ustulatus
HarrisonGoldspiel_LandVertsNortheast,Hylocichla mustelina
HarrisonGoldspiel_LandVertsNortheast,Ixoreus naevius
HarrisonGoldspiel_LandVertsNortheast,Myadestes townsendi
HarrisonGoldspiel_LandVertsNortheast,Sialia currucoides
HarrisonGoldspiel_LandVertsNortheast,Sialia sialis
HarrisonGoldspiel_LandVertsNortheast,Turdus iliacus
HarrisonGoldspiel_LandVertsNortheast,Turdus migratorius
HarrisonGoldspiel_LandVertsNortheast,Turdus pilaris
HarrisonGoldspiel_LandVertsNortheast,Contopus cooperii
HarrisonGoldspiel_LandVertsNortheast,Contopus sordidulus
HarrisonGoldspiel_LandVertsNortheast,Contopus virens
HarrisonGoldspiel_LandVertsNortheast,Empidonax alnorum
HarrisonGoldspiel_LandVertsNortheast,Empidonax difficilis
HarrisonGoldspiel_LandVertsNortheast,Empidonax flaviventris
HarrisonGoldspiel_LandVertsNortheast,Empidonax hammondii
HarrisonGoldspiel_LandVertsNortheast,Empidonax minimus
HarrisonGoldspiel_LandVertsNortheast,Empidonax traillii
HarrisonGoldspiel_LandVertsNortheast,Empidonax virescens
HarrisonGoldspiel_LandVertsNortheast,Empidonax wrightii
HarrisonGoldspiel_LandVertsNortheast,Empidonomus varius
HarrisonGoldspiel_LandVertsNortheast,Myiarchus cinerascens
HarrisonGoldspiel_LandVertsNortheast,Myiarchus crinitus
HarrisonGoldspiel_LandVertsNortheast,Myiodynastes maculatus
HarrisonGoldspiel_LandVertsNortheast,Pyrocephalus rubinus
HarrisonGoldspiel_LandVertsNortheast,Sayornis phoebe
HarrisonGoldspiel_LandVertsNortheast,Sayornis saya
HarrisonGoldspiel_LandVertsNortheast,Tyrannus couchii
HarrisonGoldspiel_LandVertsNortheast,Tyrannus dominicensis
HarrisonGoldspiel_LandVertsNortheast,Tyrannus forficatus
HarrisonGoldspiel_LandVertsNortheast,Tyrannus melancholicus
HarrisonGoldspiel_LandVertsNortheast,Tyrannus savana
HarrisonGoldspiel_LandVertsNortheast,Tyrannus tyrannus
HarrisonGoldspiel_LandVertsNortheast,Tyrannus verticalis
HarrisonGoldspiel_LandVertsNortheast,Tyrannus vociferans
HarrisonGoldspiel_LandVertsNortheast,Vireo altiloquus
HarrisonGoldspiel_LandVertsNortheast,Vireo bellii
HarrisonGoldspiel_LandVertsNortheast,Vireo cassinii
HarrisonGoldspiel_LandVertsNortheast,Vireo flavifrons
HarrisonGoldspiel_LandVertsNortheast,Vireo flavoviridis
HarrisonGoldspiel_LandVertsNortheast,Vireo gilvus
HarrisonGoldspiel_LandVertsNortheast,Vireo griseus
HarrisonGoldspiel_LandVertsNortheast,Vireo olivaceus
HarrisonGoldspiel_LandVertsNortheast,Vireo philadelphicus
HarrisonGoldspiel_LandVertsNortheast,Vireo plumbeus
HarrisonGoldspiel_LandVertsNortheast,Vireo solitarius
HarrisonGoldspiel_LandVertsNortheast,Vireo solitarius
HarrisonGoldspiel_LandVertsNortheast,Ardea alba
HarrisonGoldspiel_LandVertsNortheast,Ardea cinerea
HarrisonGoldspiel_LandVertsNortheast,Ardea herodias
HarrisonGoldspiel_LandVertsNortheast,Botaurus lentiginosus
HarrisonGoldspiel_LandVertsNortheast,Bubulcus ibis
HarrisonGoldspiel_LandVertsNortheast,Butorides virescens
HarrisonGoldspiel_LandVertsNortheast,Egretta caerulea
HarrisonGoldspiel_LandVertsNortheast,Egretta garzetta
HarrisonGoldspiel_LandVertsNortheast,Egretta gularis
HarrisonGoldspiel_LandVertsNortheast,Egretta rufescens
HarrisonGoldspiel_LandVertsNortheast,Egretta thula
HarrisonGoldspiel_LandVertsNortheast,Egretta tricolor
HarrisonGoldspiel_LandVertsNortheast,Ixobrychus exilis
HarrisonGoldspiel_LandVertsNortheast,Nyctanassa violacea
HarrisonGoldspiel_LandVertsNortheast,Nycticorax nycticorax
HarrisonGoldspiel_LandVertsNortheast,Pelecanus erythrohynchos
HarrisonGoldspiel_LandVertsNortheast,Pelecanus occidentalis
HarrisonGoldspiel_LandVertsNortheast,Eudocimus albus
HarrisonGoldspiel_LandVertsNortheast,Platalea ajaja
HarrisonGoldspiel_LandVertsNortheast,Plegadis chihi
HarrisonGoldspiel_LandVertsNortheast,Plegadis falcinellus
HarrisonGoldspiel_LandVertsNortheast,Ardea alba
HarrisonGoldspiel_LandVertsNortheast,Butorides striatus
HarrisonGoldspiel_LandVertsNortheast,Phaethon aethereus
HarrisonGoldspiel_LandVertsNortheast,Phaethon lepturus
HarrisonGoldspiel_LandVertsNortheast,Colaptes auratus
HarrisonGoldspiel_LandVertsNortheast,Dryobates pubescens
HarrisonGoldspiel_LandVertsNortheast,Dryobates villosus
HarrisonGoldspiel_LandVertsNortheast,Dryocopus pileatus
HarrisonGoldspiel_LandVertsNortheast,Melanerpes carolinus
HarrisonGoldspiel_LandVertsNortheast,Melanerpes erythrocephalus
HarrisonGoldspiel_LandVertsNortheast,Melanerpes lewis
HarrisonGoldspiel_LandVertsNortheast,Picoides arcticus
HarrisonGoldspiel_LandVertsNortheast,Picoides dorsalis
HarrisonGoldspiel_LandVertsNortheast,Sphyrapicus ruber
HarrisonGoldspiel_LandVertsNortheast,Sphyrapicus varius
HarrisonGoldspiel_LandVertsNortheast,Aechmorphorus clarkii
HarrisonGoldspiel_LandVertsNortheast,Aechmorphorus occidentalis
HarrisonGoldspiel_LandVertsNortheast,Podiceps auritus
HarrisonGoldspiel_LandVertsNortheast,Podiceps grisegena
HarrisonGoldspiel_LandVertsNortheast,Podiceps nigricollis
HarrisonGoldspiel_LandVertsNortheast,Podilymbus podiceps
HarrisonGoldspiel_LandVertsNortheast,Thalassarche chlororhynchos
HarrisonGoldspiel_LandVertsNortheast,Thalassarche melanophris
HarrisonGoldspiel_LandVertsNortheast,Hydrobates castro
HarrisonGoldspiel_LandVertsNortheast,Hydrobates leucorhous
HarrisonGoldspiel_LandVertsNortheast,Ardenna gravis
HarrisonGoldspiel_LandVertsNortheast,Ardenna griseus
HarrisonGoldspiel_LandVertsNortheast,Calonectris diomedea
HarrisonGoldspiel_LandVertsNortheast,Fulmarus glacialis
HarrisonGoldspiel_LandVertsNortheast,Pterodroma arminjoniana
HarrisonGoldspiel_LandVertsNortheast,Pterodroma cahow
HarrisonGoldspiel_LandVertsNortheast,Pterodroma feae
HarrisonGoldspiel_LandVertsNortheast,Pterodroma hasitata
HarrisonGoldspiel_LandVertsNortheast,Puffinus baroli
HarrisonGoldspiel_LandVertsNortheast,Puffinus lherminieri
HarrisonGoldspiel_LandVertsNortheast,Puffinus puffinus
HarrisonGoldspiel_LandVertsNortheast,Melopsittacus undulatus
HarrisonGoldspiel_LandVertsNortheast,Myiopsitta monachus
HarrisonGoldspiel_LandVertsNortheast,Nymphicus hollandicus
HarrisonGoldspiel_LandVertsNortheast,Aegolius acadicus
HarrisonGoldspiel_LandVertsNortheast,Aegolius funereus
HarrisonGoldspiel_LandVertsNortheast,Asio flammeus
HarrisonGoldspiel_LandVertsNortheast,Asio otus
HarrisonGoldspiel_LandVertsNortheast,Athene cunicularia
HarrisonGoldspiel_LandVertsNortheast,Bubo scandiacus
HarrisonGoldspiel_LandVertsNortheast,Bubo virginianus
HarrisonGoldspiel_LandVertsNortheast,Megascops asio
HarrisonGoldspiel_LandVertsNortheast,Strix nebulosa
HarrisonGoldspiel_LandVertsNortheast,Strix varia
HarrisonGoldspiel_LandVertsNortheast,Surnia ulula
HarrisonGoldspiel_LandVertsNortheast,Tyto alba
HarrisonGoldspiel_LandVertsNortheast,Anhinga anhinga
HarrisonGoldspiel_LandVertsNortheast,Fregata ariel
HarrisonGoldspiel_LandVertsNortheast,Fregata magnificens
HarrisonGoldspiel_LandVertsNortheast,Phalacrocorax auritus
HarrisonGoldspiel_LandVertsNortheast,Phalacrocorax brasilianus
HarrisonGoldspiel_LandVertsNortheast,Phalacrocorax carbo
HarrisonGoldspiel_LandVertsNortheast,Morus bassanus
HarrisonGoldspiel_LandVertsNortheast,Slua dactylatra
HarrisonGoldspiel_LandVertsNortheast,Slua leucogaster
HarrisonGoldspiel_LandVertsNortheast,Alces alces
HarrisonGoldspiel_LandVertsNortheast,Odocoileus virginianus
HarrisonGoldspiel_LandVertsNortheast,Canis latrans
HarrisonGoldspiel_LandVertsNortheast,Canis lupus
HarrisonGoldspiel_LandVertsNortheast,Urocyon cinereoargenteus
HarrisonGoldspiel_LandVertsNortheast,Vulpes vulpes
HarrisonGoldspiel_LandVertsNortheast,Lynx canadensis
HarrisonGoldspiel_LandVertsNortheast,Lynx rufus
HarrisonGoldspiel_LandVertsNortheast,Mephitis mephitis
HarrisonGoldspiel_LandVertsNortheast,Lontra canadensis
HarrisonGoldspiel_LandVertsNortheast,Martes americana
HarrisonGoldspiel_LandVertsNortheast,Mustela erminea
HarrisonGoldspiel_LandVertsNortheast,Mustela richardsonii
HarrisonGoldspiel_LandVertsNortheast,Mustela vison
HarrisonGoldspiel_LandVertsNortheast,Neogale frenata
HarrisonGoldspiel_LandVertsNortheast,Pekania pennanti
HarrisonGoldspiel_LandVertsNortheast,Odobenus rosmarus
HarrisonGoldspiel_LandVertsNortheast,Cyctophora cristata
HarrisonGoldspiel_LandVertsNortheast,Erignathus barbatus
HarrisonGoldspiel_LandVertsNortheast,Halichoerus gypsus
HarrisonGoldspiel_LandVertsNortheast,Pagophilus groenlandicus
HarrisonGoldspiel_LandVertsNortheast,Phoca vitulina
HarrisonGoldspiel_LandVertsNortheast,Pusa hispida
HarrisonGoldspiel_LandVertsNortheast,Procyon lotor
HarrisonGoldspiel_LandVertsNortheast,Ursus americanus
HarrisonGoldspiel_LandVertsNortheast,Eptesicus fuscus
HarrisonGoldspiel_LandVertsNortheast,Lasionycteris noctivagans
HarrisonGoldspiel_LandVertsNortheast,Lasiurus borealis
HarrisonGoldspiel_LandVertsNortheast,Lasiurus cinereus
HarrisonGoldspiel_LandVertsNortheast,Myotis leibii
HarrisonGoldspiel_LandVertsNortheast,Myotis lucifugus
HarrisonGoldspiel_LandVertsNortheast,Myotis septentrionalis
HarrisonGoldspiel_LandVertsNortheast,Myotis sodalis
HarrisonGoldspiel_LandVertsNortheast,Perimyotis subflavus
HarrisonGoldspiel_LandVertsNortheast,Didelphis virginiana
HarrisonGoldspiel_LandVertsNortheast,Blarina brevicauda
HarrisonGoldspiel_LandVertsNortheast,Cryptotis parva
HarrisonGoldspiel_LandVertsNortheast,Sorex cinereus
HarrisonGoldspiel_LandVertsNortheast,Sorex dispar
HarrisonGoldspiel_LandVertsNortheast,Sorex fumeus
HarrisonGoldspiel_LandVertsNortheast,Sorex hoyi
HarrisonGoldspiel_LandVertsNortheast,Sorex palustris
HarrisonGoldspiel_LandVertsNortheast,Condylura cristata
HarrisonGoldspiel_LandVertsNortheast,Parascalops breweri
HarrisonGoldspiel_LandVertsNortheast,Scalopus aquaticus
HarrisonGoldspiel_LandVertsNortheast,Lepus americanus
HarrisonGoldspiel_LandVertsNortheast,Lepus californicus
HarrisonGoldspiel_LandVertsNortheast,Lepus europaeus
HarrisonGoldspiel_LandVertsNortheast,Oryctolagus cuniculus
HarrisonGoldspiel_LandVertsNortheast,Sylvilagus floridanus
HarrisonGoldspiel_LandVertsNortheast,Sylvilagus transionalis
HarrisonGoldspiel_LandVertsNortheast,Castor canadensis
HarrisonGoldspiel_LandVertsNortheast,Microtus breweri
HarrisonGoldspiel_LandVertsNortheast,Microtus pennsylvanicus
HarrisonGoldspiel_LandVertsNortheast,Microtus pinetorum
HarrisonGoldspiel_LandVertsNortheast,Myodes gapperi
HarrisonGoldspiel_LandVertsNortheast,Neotoma magister
HarrisonGoldspiel_LandVertsNortheast,Ondatra zibethicus
HarrisonGoldspiel_LandVertsNortheast,Peromyscus leucopus
HarrisonGoldspiel_LandVertsNortheast,Peromyscus maniculatus
HarrisonGoldspiel_LandVertsNortheast,Synaptomys borealis
HarrisonGoldspiel_LandVertsNortheast,Synaptomys cooperi
HarrisonGoldspiel_LandVertsNortheast,Napaeozapus insignis
HarrisonGoldspiel_LandVertsNortheast,Zapus hudsonius
HarrisonGoldspiel_LandVertsNortheast,Erethizon dorsatum
HarrisonGoldspiel_LandVertsNortheast,Mus musculus
HarrisonGoldspiel_LandVertsNortheast,Rattus norvegicus
HarrisonGoldspiel_LandVertsNortheast,Rattus rattus
HarrisonGoldspiel_LandVertsNortheast,Glaucomys sabrinus
HarrisonGoldspiel_LandVertsNortheast,Glaucomys volans
HarrisonGoldspiel_LandVertsNortheast,Marmorata monax
HarrisonGoldspiel_LandVertsNortheast,Sciurus carolinensis
HarrisonGoldspiel_LandVertsNortheast,Sciurus niger
HarrisonGoldspiel_LandVertsNortheast,Tamias striatus
HarrisonGoldspiel_LandVertsNortheast,Tamiasciurus hudsonicus
