Species_Name,Source
Lithobates sylvaticus,27_Terrestria_Vertebrates_northeast_Goldspiel
Lithobates catesbeianus,27_Terrestria_Vertebrates_northeast_Goldspiel
Lithobates clamitans,27_Terrestria_Vertebrates_northeast_Goldspiel
Lithobates palustris,27_Terrestria_Vertebrates_northeast_Goldspiel
Lithobates pipiens,27_Terrestria_Vertebrates_northeast_Goldspiel
Lithobates kauffeldi,27_Terrestria_Vertebrates_northeast_Goldspiel
Lithobates sphenocephalus,27_Terrestria_Vertebrates_northeast_Goldspiel
Lithobates septentrionalis,27_Terrestria_Vertebrates_northeast_Goldspiel
Lithobates vergatipes,27_Terrestria_Vertebrates_northeast_Goldspiel
Pseudacris crucifer,27_Terrestria_Vertebrates_northeast_Goldspiel
Hyla versicolor,27_Terrestria_Vertebrates_northeast_Goldspiel
Hyla chrysoscelis,27_Terrestria_Vertebrates_northeast_Goldspiel
Hyla andersonii,27_Terrestria_Vertebrates_northeast_Goldspiel
Acris crepitans,27_Terrestria_Vertebrates_northeast_Goldspiel
Acris blanchardi,27_Terrestria_Vertebrates_northeast_Goldspiel
Pseudacris triseriata,27_Terrestria_Vertebrates_northeast_Goldspiel
Pseudacris brachyphona,27_Terrestria_Vertebrates_northeast_Goldspiel
Anaxyrus americanus,27_Terrestria_Vertebrates_northeast_Goldspiel
Anaxyrus fowleri,27_Terrestria_Vertebrates_northeast_Goldspiel
Scaphiopus holbrookii,27_Terrestria_Vertebrates_northeast_Goldspiel
Ambystoma maculatum,27_Terrestria_Vertebrates_northeast_Goldspiel
Ambystoma jeffersonianum,27_Terrestria_Vertebrates_northeast_Goldspiel
Ambystoma laterale,27_Terrestria_Vertebrates_northeast_Goldspiel
Ambystoma opacum,27_Terrestria_Vertebrates_northeast_Goldspiel
Ambystoma texanum,27_Terrestria_Vertebrates_northeast_Goldspiel
Ambystoma barbouri,27_Terrestria_Vertebrates_northeast_Goldspiel
Ambystoma tigrinum,27_Terrestria_Vertebrates_northeast_Goldspiel
Ambystoma jeffersonianum x laterale,27_Terrestria_Vertebrates_northeast_Goldspiel
Notopthalmus viridescens,27_Terrestria_Vertebrates_northeast_Goldspiel
Plethodon cinereus,27_Terrestria_Vertebrates_northeast_Goldspiel
Plethodon glutinosus,27_Terrestria_Vertebrates_northeast_Goldspiel
Plethodon hoffmani,27_Terrestria_Vertebrates_northeast_Goldspiel
Plethodon richmondi,27_Terrestria_Vertebrates_northeast_Goldspiel
Plethodon wehrlei,27_Terrestria_Vertebrates_northeast_Goldspiel
Pseudotriton ruber,27_Terrestria_Vertebrates_northeast_Goldspiel
Pseudotriton montanus,27_Terrestria_Vertebrates_northeast_Goldspiel
Hemidactylium scutatum,27_Terrestria_Vertebrates_northeast_Goldspiel
Aneides aneides,27_Terrestria_Vertebrates_northeast_Goldspiel
Desmognathus fuscus,27_Terrestria_Vertebrates_northeast_Goldspiel
Desmognathus monticola,27_Terrestria_Vertebrates_northeast_Goldspiel
Desmognathus ochrophaeus,27_Terrestria_Vertebrates_northeast_Goldspiel
Eurycea bislineata,27_Terrestria_Vertebrates_northeast_Goldspiel
Eurycea cirrigera,27_Terrestria_Vertebrates_northeast_Goldspiel
Eurycea longicauda,27_Terrestria_Vertebrates_northeast_Goldspiel
Eurycea lucifuga,27_Terrestria_Vertebrates_northeast_Goldspiel
Gyrinophilus porphyriticus,27_Terrestria_Vertebrates_northeast_Goldspiel
Cryptobranchus alleganiensis,27_Terrestria_Vertebrates_northeast_Goldspiel
Necturus maculosus,27_Terrestria_Vertebrates_northeast_Goldspiel
Siren intermedia,27_Terrestria_Vertebrates_northeast_Goldspiel
Chrysemys picta,27_Terrestria_Vertebrates_northeast_Goldspiel
Clemmys guttata,27_Terrestria_Vertebrates_northeast_Goldspiel
Clemmys muhlenbergii,27_Terrestria_Vertebrates_northeast_Goldspiel
Emydoidiae blandingii,27_Terrestria_Vertebrates_northeast_Goldspiel
Glyptemys insculpta,27_Terrestria_Vertebrates_northeast_Goldspiel
Graptemys geographica,27_Terrestria_Vertebrates_northeast_Goldspiel
Graptemys ouachitensis,27_Terrestria_Vertebrates_northeast_Goldspiel
Graptemys pseudogeographica,27_Terrestria_Vertebrates_northeast_Goldspiel
Malaclemys terrapin,27_Terrestria_Vertebrates_northeast_Goldspiel
Pseudemys concinna,27_Terrestria_Vertebrates_northeast_Goldspiel
Pseudemys rubiventris,27_Terrestria_Vertebrates_northeast_Goldspiel
Terrapene carolina,27_Terrestria_Vertebrates_northeast_Goldspiel
Terrapene ornata,27_Terrestria_Vertebrates_northeast_Goldspiel
Trachemys scripta,27_Terrestria_Vertebrates_northeast_Goldspiel
Chelydra serpentina,27_Terrestria_Vertebrates_northeast_Goldspiel
Macrochelys temminckii,27_Terrestria_Vertebrates_northeast_Goldspiel
Kinosternon subrubrum,27_Terrestria_Vertebrates_northeast_Goldspiel
Sternotherus odoratus,27_Terrestria_Vertebrates_northeast_Goldspiel
Apalone mutica,27_Terrestria_Vertebrates_northeast_Goldspiel
Apalone spinifera,27_Terrestria_Vertebrates_northeast_Goldspiel
Ophisaurus attenuatus,27_Terrestria_Vertebrates_northeast_Goldspiel
Carphophis amoenus,27_Terrestria_Vertebrates_northeast_Goldspiel
Cemophora coccinea,27_Terrestria_Vertebrates_northeast_Goldspiel
Clonophis kirtlandii,27_Terrestria_Vertebrates_northeast_Goldspiel
Coluber constrictor,27_Terrestria_Vertebrates_northeast_Goldspiel
Diadophis punctatus,27_Terrestria_Vertebrates_northeast_Goldspiel
Elaphe obsoleta,27_Terrestria_Vertebrates_northeast_Goldspiel
Farancia abacura,27_Terrestria_Vertebrates_northeast_Goldspiel
Haldea striatula,27_Terrestria_Vertebrates_northeast_Goldspiel
Heterodon platirhinos,27_Terrestria_Vertebrates_northeast_Goldspiel
Lampropeltis calligaster,27_Terrestria_Vertebrates_northeast_Goldspiel
Lampropeltis getula,27_Terrestria_Vertebrates_northeast_Goldspiel
Lampropeltis triangulum,27_Terrestria_Vertebrates_northeast_Goldspiel
Nerodia erythrogaster,27_Terrestria_Vertebrates_northeast_Goldspiel
Nerodia rhombifer,27_Terrestria_Vertebrates_northeast_Goldspiel
Nerodia sipedon,27_Terrestria_Vertebrates_northeast_Goldspiel
Opheodrys aestivus,27_Terrestria_Vertebrates_northeast_Goldspiel
Opheodrys vernalis,27_Terrestria_Vertebrates_northeast_Goldspiel
Pantherophis alleghaniensis,27_Terrestria_Vertebrates_northeast_Goldspiel
Pantherophis spiloides,27_Terrestria_Vertebrates_northeast_Goldspiel
Pantherophis vulpinus,27_Terrestria_Vertebrates_northeast_Goldspiel
Pituophis catenifer,27_Terrestria_Vertebrates_northeast_Goldspiel
Regina septemvittata,27_Terrestria_Vertebrates_northeast_Goldspiel
Tantilla coronata,27_Terrestria_Vertebrates_northeast_Goldspiel
Thamnophis brachystoma,27_Terrestria_Vertebrates_northeast_Goldspiel
Thamnophis butleri,27_Terrestria_Vertebrates_northeast_Goldspiel
Thamnophis proximus,27_Terrestria_Vertebrates_northeast_Goldspiel
Thamnophis sauritus,27_Terrestria_Vertebrates_northeast_Goldspiel
Thamnophis sirtalis,27_Terrestria_Vertebrates_northeast_Goldspiel
Thamnophis radix,27_Terrestria_Vertebrates_northeast_Goldspiel
Storeria dekayi,27_Terrestria_Vertebrates_northeast_Goldspiel
Storeria occipitomaculata,27_Terrestria_Vertebrates_northeast_Goldspiel
Virginia valeriae,27_Terrestria_Vertebrates_northeast_Goldspiel
Sceloporus undulatus,27_Terrestria_Vertebrates_northeast_Goldspiel
Podarcis sicula,27_Terrestria_Vertebrates_northeast_Goldspiel
Plestiodon anthracinus,27_Terrestria_Vertebrates_northeast_Goldspiel
Plestiodon fasciatus,27_Terrestria_Vertebrates_northeast_Goldspiel
Plestiodon laticeps,27_Terrestria_Vertebrates_northeast_Goldspiel
Scincella lateralis,27_Terrestria_Vertebrates_northeast_Goldspiel
Aspidoscelis sexlineatus,27_Terrestria_Vertebrates_northeast_Goldspiel
Agkistrodon contortrix,27_Terrestria_Vertebrates_northeast_Goldspiel
Agkistrodon piscivorus,27_Terrestria_Vertebrates_northeast_Goldspiel
Crotalus horridus,27_Terrestria_Vertebrates_northeast_Goldspiel
Sisturus catenatus,27_Terrestria_Vertebrates_northeast_Goldspiel
Accipiter cooperii,27_Terrestria_Vertebrates_northeast_Goldspiel
Accipiter gentilis,27_Terrestria_Vertebrates_northeast_Goldspiel
Accipiter striatus,27_Terrestria_Vertebrates_northeast_Goldspiel
Aquila chrysaetos,27_Terrestria_Vertebrates_northeast_Goldspiel
Buteo albonotatus,27_Terrestria_Vertebrates_northeast_Goldspiel
Buteo jamaicensis,27_Terrestria_Vertebrates_northeast_Goldspiel
Buteo lagopus,27_Terrestria_Vertebrates_northeast_Goldspiel
Buteo lineatus,27_Terrestria_Vertebrates_northeast_Goldspiel
Buteo platypterus,27_Terrestria_Vertebrates_northeast_Goldspiel
Buteo swainsoni,27_Terrestria_Vertebrates_northeast_Goldspiel
Circus hudsonius,27_Terrestria_Vertebrates_northeast_Goldspiel
Elanoides forficatus,27_Terrestria_Vertebrates_northeast_Goldspiel
Elanus leucurus,27_Terrestria_Vertebrates_northeast_Goldspiel
Geranoaetus albicaudatus,27_Terrestria_Vertebrates_northeast_Goldspiel
Haliaeetus albicilla,27_Terrestria_Vertebrates_northeast_Goldspiel
Haliaeetus leucocephalus,27_Terrestria_Vertebrates_northeast_Goldspiel
Haliaeetus pelagicus,27_Terrestria_Vertebrates_northeast_Goldspiel
Ictinia mississippiensis,27_Terrestria_Vertebrates_northeast_Goldspiel
Pandion haliaetus,27_Terrestria_Vertebrates_northeast_Goldspiel
Aix galericulata,27_Terrestria_Vertebrates_northeast_Goldspiel
Aix sponsa,27_Terrestria_Vertebrates_northeast_Goldspiel
Anas acuta,27_Terrestria_Vertebrates_northeast_Goldspiel
Anas carolinensis,27_Terrestria_Vertebrates_northeast_Goldspiel
Anas crecca,27_Terrestria_Vertebrates_northeast_Goldspiel
Anas platyrhynchos,27_Terrestria_Vertebrates_northeast_Goldspiel
Anas rubripes,27_Terrestria_Vertebrates_northeast_Goldspiel
Anser albifrons,27_Terrestria_Vertebrates_northeast_Goldspiel
Anser brachyrhynchus,27_Terrestria_Vertebrates_northeast_Goldspiel
Anser caerulescens,27_Terrestria_Vertebrates_northeast_Goldspiel
Anser indicus,27_Terrestria_Vertebrates_northeast_Goldspiel
Anser rossii,27_Terrestria_Vertebrates_northeast_Goldspiel
Aythya americana,27_Terrestria_Vertebrates_northeast_Goldspiel
Aythya collaris,27_Terrestria_Vertebrates_northeast_Goldspiel
Aythya fuligula,27_Terrestria_Vertebrates_northeast_Goldspiel
Aythya marila,27_Terrestria_Vertebrates_northeast_Goldspiel
Aythya valisineria,27_Terrestria_Vertebrates_northeast_Goldspiel
Branta bernicula,27_Terrestria_Vertebrates_northeast_Goldspiel
Branta canadensis,27_Terrestria_Vertebrates_northeast_Goldspiel
Branta hutchinsii,27_Terrestria_Vertebrates_northeast_Goldspiel
Branta leucopsis,27_Terrestria_Vertebrates_northeast_Goldspiel
Bucephala albeola,27_Terrestria_Vertebrates_northeast_Goldspiel
Bucephala clangula,27_Terrestria_Vertebrates_northeast_Goldspiel
Bucephala islandica,27_Terrestria_Vertebrates_northeast_Goldspiel
Camptorhynchus labradorius,27_Terrestria_Vertebrates_northeast_Goldspiel
Carina moschata,27_Terrestria_Vertebrates_northeast_Goldspiel
Clangula hyemalis,27_Terrestria_Vertebrates_northeast_Goldspiel
Cygnus buccinator,27_Terrestria_Vertebrates_northeast_Goldspiel
Cygnus columbianus,27_Terrestria_Vertebrates_northeast_Goldspiel
Cygnus cygnus,27_Terrestria_Vertebrates_northeast_Goldspiel
Cygnus olor,27_Terrestria_Vertebrates_northeast_Goldspiel
Dendrocygna autumnalis,27_Terrestria_Vertebrates_northeast_Goldspiel
Dendrocygna bicolor,27_Terrestria_Vertebrates_northeast_Goldspiel
Histrionicus histrionicus,27_Terrestria_Vertebrates_northeast_Goldspiel
Lophodytes cucullatus,27_Terrestria_Vertebrates_northeast_Goldspiel
Mareca americana,27_Terrestria_Vertebrates_northeast_Goldspiel
Mareca strepera,27_Terrestria_Vertebrates_northeast_Goldspiel
Mareca penelope,27_Terrestria_Vertebrates_northeast_Goldspiel
Melanitta americana,27_Terrestria_Vertebrates_northeast_Goldspiel
Melanitta deglandi,27_Terrestria_Vertebrates_northeast_Goldspiel
Melanitta perspicillata,27_Terrestria_Vertebrates_northeast_Goldspiel
Mergus merganser,27_Terrestria_Vertebrates_northeast_Goldspiel
Mergus serrator,27_Terrestria_Vertebrates_northeast_Goldspiel
Nomonyx dominicus,27_Terrestria_Vertebrates_northeast_Goldspiel
Oxyura jamaicensis,27_Terrestria_Vertebrates_northeast_Goldspiel
Polysticta stelleri,27_Terrestria_Vertebrates_northeast_Goldspiel
Somateria mollissima,27_Terrestria_Vertebrates_northeast_Goldspiel
Somateria spectabilis,27_Terrestria_Vertebrates_northeast_Goldspiel
Spatula clypeata,27_Terrestria_Vertebrates_northeast_Goldspiel
Spatula cyanoptera,27_Terrestria_Vertebrates_northeast_Goldspiel
Spatula discors,27_Terrestria_Vertebrates_northeast_Goldspiel
Spatula querquedula,27_Terrestria_Vertebrates_northeast_Goldspiel
Anatidae affinis,27_Terrestria_Vertebrates_northeast_Goldspiel
Chaetura pelagica,27_Terrestria_Vertebrates_northeast_Goldspiel
Cypseloides niger,27_Terrestria_Vertebrates_northeast_Goldspiel
Archilochus alexandri,27_Terrestria_Vertebrates_northeast_Goldspiel
Archilochus alexandri,27_Terrestria_Vertebrates_northeast_Goldspiel
Calypte anna,27_Terrestria_Vertebrates_northeast_Goldspiel
Colibri thalassinus,27_Terrestria_Vertebrates_northeast_Goldspiel
Cynanthus latirostris,27_Terrestria_Vertebrates_northeast_Goldspiel
Selasphorus calliope,27_Terrestria_Vertebrates_northeast_Goldspiel
Selasphorus rufus,27_Terrestria_Vertebrates_northeast_Goldspiel
Selasphorus sasin,27_Terrestria_Vertebrates_northeast_Goldspiel
Antrostomus carolinensis,27_Terrestria_Vertebrates_northeast_Goldspiel
Antrostomus vociferus,27_Terrestria_Vertebrates_northeast_Goldspiel
Chordeiles acutipennis,27_Terrestria_Vertebrates_northeast_Goldspiel
Chordeiles minor,27_Terrestria_Vertebrates_northeast_Goldspiel
Cathartes aura,27_Terrestria_Vertebrates_northeast_Goldspiel
Coragyps atratus,27_Terrestria_Vertebrates_northeast_Goldspiel
Alca torda,27_Terrestria_Vertebrates_northeast_Goldspiel
Alle alle,27_Terrestria_Vertebrates_northeast_Goldspiel
Brachyramphus perdix,27_Terrestria_Vertebrates_northeast_Goldspiel
Cepphus grylle,27_Terrestria_Vertebrates_northeast_Goldspiel
Fratercula arctica,27_Terrestria_Vertebrates_northeast_Goldspiel
Fratercula cirrhata,27_Terrestria_Vertebrates_northeast_Goldspiel
Synthiloboramphus antiquus,27_Terrestria_Vertebrates_northeast_Goldspiel
Uria aalge,27_Terrestria_Vertebrates_northeast_Goldspiel
Uria lomvia,27_Terrestria_Vertebrates_northeast_Goldspiel
Charadrius hiaticula,27_Terrestria_Vertebrates_northeast_Goldspiel
Charadrius melodus,27_Terrestria_Vertebrates_northeast_Goldspiel
Charadrius montanus,27_Terrestria_Vertebrates_northeast_Goldspiel
Charadrius nivosus,27_Terrestria_Vertebrates_northeast_Goldspiel
Charadrius semipalmatus,27_Terrestria_Vertebrates_northeast_Goldspiel
Charadrius vociferus,27_Terrestria_Vertebrates_northeast_Goldspiel
Charadrius wilsonia,27_Terrestria_Vertebrates_northeast_Goldspiel
Pluvialis apricaria,27_Terrestria_Vertebrates_northeast_Goldspiel
Pluvialis dominica,27_Terrestria_Vertebrates_northeast_Goldspiel
Pluvialis fulva,27_Terrestria_Vertebrates_northeast_Goldspiel
Pluvialis squatarola,27_Terrestria_Vertebrates_northeast_Goldspiel
Vanellus vanellus,27_Terrestria_Vertebrates_northeast_Goldspiel
Haematopus palliatus,27_Terrestria_Vertebrates_northeast_Goldspiel
Anous stolidus,27_Terrestria_Vertebrates_northeast_Goldspiel
Childonias leucopterus,27_Terrestria_Vertebrates_northeast_Goldspiel
Childonias niger,27_Terrestria_Vertebrates_northeast_Goldspiel
Chroicocephalus philadelphia,27_Terrestria_Vertebrates_northeast_Goldspiel
Chroicocephalus ridibundus,27_Terrestria_Vertebrates_northeast_Goldspiel
Gelochelidon nilotica,27_Terrestria_Vertebrates_northeast_Goldspiel
Hydrocoleus minutus,27_Terrestria_Vertebrates_northeast_Goldspiel
Hydroprogne caspia,27_Terrestria_Vertebrates_northeast_Goldspiel
Larus argentatus,27_Terrestria_Vertebrates_northeast_Goldspiel
Larus brachyrhynchus,27_Terrestria_Vertebrates_northeast_Goldspiel
Larus canus,27_Terrestria_Vertebrates_northeast_Goldspiel
Larus crassirostris,27_Terrestria_Vertebrates_northeast_Goldspiel
Larus delawarensis,27_Terrestria_Vertebrates_northeast_Goldspiel
Larus fuscus,27_Terrestria_Vertebrates_northeast_Goldspiel
Larus glaucensens,27_Terrestria_Vertebrates_northeast_Goldspiel
Larus glaucoides,27_Terrestria_Vertebrates_northeast_Goldspiel
Larus heermanni,27_Terrestria_Vertebrates_northeast_Goldspiel
Larus hyperboreus,27_Terrestria_Vertebrates_northeast_Goldspiel
Larus marinus,27_Terrestria_Vertebrates_northeast_Goldspiel
Larus schistisagus,27_Terrestria_Vertebrates_northeast_Goldspiel
Leucophaeus atricilla,27_Terrestria_Vertebrates_northeast_Goldspiel
Leucophaeus pipixcan,27_Terrestria_Vertebrates_northeast_Goldspiel
Onychoprion anaethetus,27_Terrestria_Vertebrates_northeast_Goldspiel
Onychoprion fuscata,27_Terrestria_Vertebrates_northeast_Goldspiel
Pagophila eburnea,27_Terrestria_Vertebrates_northeast_Goldspiel
Rhodostethia rosea,27_Terrestria_Vertebrates_northeast_Goldspiel
Rissa tridactyla,27_Terrestria_Vertebrates_northeast_Goldspiel
Rynchops niger,27_Terrestria_Vertebrates_northeast_Goldspiel
Sterna dougallii,27_Terrestria_Vertebrates_northeast_Goldspiel
Sterna forsteri,27_Terrestria_Vertebrates_northeast_Goldspiel
Sterna hirundo,27_Terrestria_Vertebrates_northeast_Goldspiel
Sterna paradiseae,27_Terrestria_Vertebrates_northeast_Goldspiel
Sternula antillarum,27_Terrestria_Vertebrates_northeast_Goldspiel
Thalasseus elegans,27_Terrestria_Vertebrates_northeast_Goldspiel
Thalasseus maxima,27_Terrestria_Vertebrates_northeast_Goldspiel
Thalasseus sandvicensis,27_Terrestria_Vertebrates_northeast_Goldspiel
Xema sabini,27_Terrestria_Vertebrates_northeast_Goldspiel
Himantopus mexicanus,27_Terrestria_Vertebrates_northeast_Goldspiel
Recurvirostra americana,27_Terrestria_Vertebrates_northeast_Goldspiel
Actitis macularius,27_Terrestria_Vertebrates_northeast_Goldspiel
Arenaria interpres,27_Terrestria_Vertebrates_northeast_Goldspiel
Bartramia longicauda,27_Terrestria_Vertebrates_northeast_Goldspiel
Calidris acuminata,27_Terrestria_Vertebrates_northeast_Goldspiel
Calidris alba,27_Terrestria_Vertebrates_northeast_Goldspiel
Calidris alpina,27_Terrestria_Vertebrates_northeast_Goldspiel
Calidris bairdii,27_Terrestria_Vertebrates_northeast_Goldspiel
Calidris canutus,27_Terrestria_Vertebrates_northeast_Goldspiel
Calidris falcinellus,27_Terrestria_Vertebrates_northeast_Goldspiel
Calidris ferruginea,27_Terrestria_Vertebrates_northeast_Goldspiel
Calidris himantopus,27_Terrestria_Vertebrates_northeast_Goldspiel
Calidris maritima,27_Terrestria_Vertebrates_northeast_Goldspiel
Calidris mauri,27_Terrestria_Vertebrates_northeast_Goldspiel
Calidris melanotos,27_Terrestria_Vertebrates_northeast_Goldspiel
Calidris minuta,27_Terrestria_Vertebrates_northeast_Goldspiel
Calidris minutilla,27_Terrestria_Vertebrates_northeast_Goldspiel
Calidris pugnax,27_Terrestria_Vertebrates_northeast_Goldspiel
Calidris pusilla,27_Terrestria_Vertebrates_northeast_Goldspiel
Calidris ruficollis,27_Terrestria_Vertebrates_northeast_Goldspiel
Calidris subruficollis,27_Terrestria_Vertebrates_northeast_Goldspiel
Calidris tenuirostris,27_Terrestria_Vertebrates_northeast_Goldspiel
Calidris virgata,27_Terrestria_Vertebrates_northeast_Goldspiel
Gallinago delicata,27_Terrestria_Vertebrates_northeast_Goldspiel
Limnodromus griseus,27_Terrestria_Vertebrates_northeast_Goldspiel
Limnodromus scolopaceus,27_Terrestria_Vertebrates_northeast_Goldspiel
Limosa fedoa,27_Terrestria_Vertebrates_northeast_Goldspiel
Limosa haemastica,27_Terrestria_Vertebrates_northeast_Goldspiel
Limosa lapponica,27_Terrestria_Vertebrates_northeast_Goldspiel
Limosa limosa,27_Terrestria_Vertebrates_northeast_Goldspiel
Numenius americanus,27_Terrestria_Vertebrates_northeast_Goldspiel
Numenius arquata,27_Terrestria_Vertebrates_northeast_Goldspiel
Numenius borealis,27_Terrestria_Vertebrates_northeast_Goldspiel
Numenius phaeopus,27_Terrestria_Vertebrates_northeast_Goldspiel
Phalaropus fulicarius,27_Terrestria_Vertebrates_northeast_Goldspiel
Phalaropus lobatus,27_Terrestria_Vertebrates_northeast_Goldspiel
Phalaropus tricolor,27_Terrestria_Vertebrates_northeast_Goldspiel
Scolopax minor,27_Terrestria_Vertebrates_northeast_Goldspiel
Tringa brevipes,27_Terrestria_Vertebrates_northeast_Goldspiel
Tringa erythropus,27_Terrestria_Vertebrates_northeast_Goldspiel
Tringa flavipes,27_Terrestria_Vertebrates_northeast_Goldspiel
Tringa incana,27_Terrestria_Vertebrates_northeast_Goldspiel
Tringa melanoleuca,27_Terrestria_Vertebrates_northeast_Goldspiel
Tringa nebularia,27_Terrestria_Vertebrates_northeast_Goldspiel
Tringa semipalmatus,27_Terrestria_Vertebrates_northeast_Goldspiel
Tringa solitaria,27_Terrestria_Vertebrates_northeast_Goldspiel
Xenus cinereus,27_Terrestria_Vertebrates_northeast_Goldspiel
Stercorarius longicaudus,27_Terrestria_Vertebrates_northeast_Goldspiel
Stercorarius maccormicki,27_Terrestria_Vertebrates_northeast_Goldspiel
Stercorarius parasiticus,27_Terrestria_Vertebrates_northeast_Goldspiel
Stercorarius pomarinus,27_Terrestria_Vertebrates_northeast_Goldspiel
Stercorarius skua,27_Terrestria_Vertebrates_northeast_Goldspiel
Mycteria americana,27_Terrestria_Vertebrates_northeast_Goldspiel
Columba livia,27_Terrestria_Vertebrates_northeast_Goldspiel
Columbina passerina,27_Terrestria_Vertebrates_northeast_Goldspiel
Ectopistes migratorius,27_Terrestria_Vertebrates_northeast_Goldspiel
Patagioenas fasciata,27_Terrestria_Vertebrates_northeast_Goldspiel
Streptopelia decaocto,27_Terrestria_Vertebrates_northeast_Goldspiel
Streptopelia turtur,27_Terrestria_Vertebrates_northeast_Goldspiel
Zenaida asiatica,27_Terrestria_Vertebrates_northeast_Goldspiel
Zenaida macroura,27_Terrestria_Vertebrates_northeast_Goldspiel
Megaceryle alcyon,27_Terrestria_Vertebrates_northeast_Goldspiel
Coccyzus americanus,27_Terrestria_Vertebrates_northeast_Goldspiel
Coccyzus erythropthalmus,27_Terrestria_Vertebrates_northeast_Goldspiel
Crotophaga sulcirostris,27_Terrestria_Vertebrates_northeast_Goldspiel
Cuculus canorus,27_Terrestria_Vertebrates_northeast_Goldspiel
Caracara plancus,27_Terrestria_Vertebrates_northeast_Goldspiel
Falco columbarius,27_Terrestria_Vertebrates_northeast_Goldspiel
Falco peregrinus,27_Terrestria_Vertebrates_northeast_Goldspiel
Falco rusticolus,27_Terrestria_Vertebrates_northeast_Goldspiel
Falco sparverius,27_Terrestria_Vertebrates_northeast_Goldspiel
Falco subbuteo,27_Terrestria_Vertebrates_northeast_Goldspiel
Falco tinnunculus,27_Terrestria_Vertebrates_northeast_Goldspiel
Falco vespertinus,27_Terrestria_Vertebrates_northeast_Goldspiel
Colinus virginianus,27_Terrestria_Vertebrates_northeast_Goldspiel
Bonasa umbellus,27_Terrestria_Vertebrates_northeast_Goldspiel
Falcipennis canadensis,27_Terrestria_Vertebrates_northeast_Goldspiel
Lagopus lagopus,27_Terrestria_Vertebrates_northeast_Goldspiel
Meleagris gallopavo,27_Terrestria_Vertebrates_northeast_Goldspiel
Pavo cristatus,27_Terrestria_Vertebrates_northeast_Goldspiel
Phasianus colchicus,27_Terrestria_Vertebrates_northeast_Goldspiel
Tympanuchus cupido,27_Terrestria_Vertebrates_northeast_Goldspiel
Gavia adamsii,27_Terrestria_Vertebrates_northeast_Goldspiel
Gavia immer,27_Terrestria_Vertebrates_northeast_Goldspiel
Gavia pacifica,27_Terrestria_Vertebrates_northeast_Goldspiel
Gavia stellata,27_Terrestria_Vertebrates_northeast_Goldspiel
Coturnicops noveboracensis,27_Terrestria_Vertebrates_northeast_Goldspiel
Crex crex,27_Terrestria_Vertebrates_northeast_Goldspiel
Fulica americana,27_Terrestria_Vertebrates_northeast_Goldspiel
Gallinula galeata,27_Terrestria_Vertebrates_northeast_Goldspiel
Laterallus jamaicensis,27_Terrestria_Vertebrates_northeast_Goldspiel
Porphyrio martinica,27_Terrestria_Vertebrates_northeast_Goldspiel
Porzana carolina,27_Terrestria_Vertebrates_northeast_Goldspiel
Rallus crepitans,27_Terrestria_Vertebrates_northeast_Goldspiel
Rallus elegans,27_Terrestria_Vertebrates_northeast_Goldspiel
Rallus limicola,27_Terrestria_Vertebrates_northeast_Goldspiel
Antigone canadensis,27_Terrestria_Vertebrates_northeast_Goldspiel
Grus americana,27_Terrestria_Vertebrates_northeast_Goldspiel
Eremophila alpestris,27_Terrestria_Vertebrates_northeast_Goldspiel
Bombycilla cedrorum,27_Terrestria_Vertebrates_northeast_Goldspiel
Bombycilla garrulus,27_Terrestria_Vertebrates_northeast_Goldspiel
Calcarius lapponicus,27_Terrestria_Vertebrates_northeast_Goldspiel
Calcarius ornatus,27_Terrestria_Vertebrates_northeast_Goldspiel
Calcarius pictus,27_Terrestria_Vertebrates_northeast_Goldspiel
Plectrophenax nivalis,27_Terrestria_Vertebrates_northeast_Goldspiel
Cardinalis cardinalis,27_Terrestria_Vertebrates_northeast_Goldspiel
Passerina amoena,27_Terrestria_Vertebrates_northeast_Goldspiel
Passerina caerulea,27_Terrestria_Vertebrates_northeast_Goldspiel
Passerina ciris,27_Terrestria_Vertebrates_northeast_Goldspiel
Passerina cyanea,27_Terrestria_Vertebrates_northeast_Goldspiel
Pheucticus ludovicianus,27_Terrestria_Vertebrates_northeast_Goldspiel
Pheucticus melanocephalus,27_Terrestria_Vertebrates_northeast_Goldspiel
Piranga ludoviciana,27_Terrestria_Vertebrates_northeast_Goldspiel
Piranga olivacea,27_Terrestria_Vertebrates_northeast_Goldspiel
Piranga rubra,27_Terrestria_Vertebrates_northeast_Goldspiel
Spiza americana,27_Terrestria_Vertebrates_northeast_Goldspiel
Certhia americana,27_Terrestria_Vertebrates_northeast_Goldspiel
Corvus brachyrhynchos,27_Terrestria_Vertebrates_northeast_Goldspiel
Corvus corax,27_Terrestria_Vertebrates_northeast_Goldspiel
Corvus monedula,27_Terrestria_Vertebrates_northeast_Goldspiel
Corvus ossifragus,27_Terrestria_Vertebrates_northeast_Goldspiel
Cyanocitta cristata,27_Terrestria_Vertebrates_northeast_Goldspiel
Perisoreus canadensis,27_Terrestria_Vertebrates_northeast_Goldspiel
Pica hudsonia,27_Terrestria_Vertebrates_northeast_Goldspiel
Acanthis flammea,27_Terrestria_Vertebrates_northeast_Goldspiel
Acanthis hornemanni,27_Terrestria_Vertebrates_northeast_Goldspiel
Coccothraustes vespertinus,27_Terrestria_Vertebrates_northeast_Goldspiel
Fringilla coelebs,27_Terrestria_Vertebrates_northeast_Goldspiel
Fringilla montrifringilla,27_Terrestria_Vertebrates_northeast_Goldspiel
Haemorhouse mexicanus,27_Terrestria_Vertebrates_northeast_Goldspiel
Haemorhouse purpureus,27_Terrestria_Vertebrates_northeast_Goldspiel
Loxia curvirostra,27_Terrestria_Vertebrates_northeast_Goldspiel
Loxia leucoptera,27_Terrestria_Vertebrates_northeast_Goldspiel
Pinicola enucleator,27_Terrestria_Vertebrates_northeast_Goldspiel
Spinus pinus,27_Terrestria_Vertebrates_northeast_Goldspiel
Spinus tristis,27_Terrestria_Vertebrates_northeast_Goldspiel
Hirundo rustica,27_Terrestria_Vertebrates_northeast_Goldspiel
Petrochelidon fulva,27_Terrestria_Vertebrates_northeast_Goldspiel
Petrochelidon pyrrhonota,27_Terrestria_Vertebrates_northeast_Goldspiel
Progne subis,27_Terrestria_Vertebrates_northeast_Goldspiel
Progne tapera,27_Terrestria_Vertebrates_northeast_Goldspiel
Riparia riparia,27_Terrestria_Vertebrates_northeast_Goldspiel
Stelgidopteryx serripennis,27_Terrestria_Vertebrates_northeast_Goldspiel
Tachycineta bicolor,27_Terrestria_Vertebrates_northeast_Goldspiel
Tachycineta thalassina,27_Terrestria_Vertebrates_northeast_Goldspiel
Agelaius phoeniceus,27_Terrestria_Vertebrates_northeast_Goldspiel
Dolichonyx oryzivorus,27_Terrestria_Vertebrates_northeast_Goldspiel
Euphagus carolinus,27_Terrestria_Vertebrates_northeast_Goldspiel
Euphagus cyanocephalus,27_Terrestria_Vertebrates_northeast_Goldspiel
Icteria virens,27_Terrestria_Vertebrates_northeast_Goldspiel
Icterus bullockii,27_Terrestria_Vertebrates_northeast_Goldspiel
Icterus galbula,27_Terrestria_Vertebrates_northeast_Goldspiel
Icterus spurius,27_Terrestria_Vertebrates_northeast_Goldspiel
Molothrus ater,27_Terrestria_Vertebrates_northeast_Goldspiel
Molothrus bonariensis,27_Terrestria_Vertebrates_northeast_Goldspiel
Quiscalus major,27_Terrestria_Vertebrates_northeast_Goldspiel
Quiscalus mexicanus,27_Terrestria_Vertebrates_northeast_Goldspiel
Quiscalus quiscula,27_Terrestria_Vertebrates_northeast_Goldspiel
Sturnella magna,27_Terrestria_Vertebrates_northeast_Goldspiel
Sturnella neglecta,27_Terrestria_Vertebrates_northeast_Goldspiel
Xanthocephalus xanthocephalus,27_Terrestria_Vertebrates_northeast_Goldspiel
Lanius borealis,27_Terrestria_Vertebrates_northeast_Goldspiel
Lanius ludovicianus,27_Terrestria_Vertebrates_northeast_Goldspiel
Dumetella carolinensis,27_Terrestria_Vertebrates_northeast_Goldspiel
Mimus polyglottos,27_Terrestria_Vertebrates_northeast_Goldspiel
Oreoscoptes montanus,27_Terrestria_Vertebrates_northeast_Goldspiel
Toxostoma rufum,27_Terrestria_Vertebrates_northeast_Goldspiel
Anthus rubescens,27_Terrestria_Vertebrates_northeast_Goldspiel
Motacilla alba,27_Terrestria_Vertebrates_northeast_Goldspiel
Oenanthe oenanthe,27_Terrestria_Vertebrates_northeast_Goldspiel
Baelophus bicolor,27_Terrestria_Vertebrates_northeast_Goldspiel
Parus major,27_Terrestria_Vertebrates_northeast_Goldspiel
Poecile atracapilla,27_Terrestria_Vertebrates_northeast_Goldspiel
Poecile hudonica,27_Terrestria_Vertebrates_northeast_Goldspiel
Cardellina canadensis,27_Terrestria_Vertebrates_northeast_Goldspiel
Cardellina pusilla,27_Terrestria_Vertebrates_northeast_Goldspiel
Geothlypis formosa,27_Terrestria_Vertebrates_northeast_Goldspiel
Geothlypis philadelphia,27_Terrestria_Vertebrates_northeast_Goldspiel
Geothlypis tolmiei,27_Terrestria_Vertebrates_northeast_Goldspiel
Geothlypis trichas,27_Terrestria_Vertebrates_northeast_Goldspiel
Helmitheros vermicorus,27_Terrestria_Vertebrates_northeast_Goldspiel
Leiothlypis celata,27_Terrestria_Vertebrates_northeast_Goldspiel
Leiothlypis peregrina,27_Terrestria_Vertebrates_northeast_Goldspiel
Leiothlypis ruficapilla,27_Terrestria_Vertebrates_northeast_Goldspiel
Leiothlypis virginiae,27_Terrestria_Vertebrates_northeast_Goldspiel
Limnothlypis swainsonii,27_Terrestria_Vertebrates_northeast_Goldspiel
Mniotilta varia,27_Terrestria_Vertebrates_northeast_Goldspiel
Oporornis agilis,27_Terrestria_Vertebrates_northeast_Goldspiel
Parkesia motacilla,27_Terrestria_Vertebrates_northeast_Goldspiel
Parkesia noveboracensis,27_Terrestria_Vertebrates_northeast_Goldspiel
Protonataria citrea,27_Terrestria_Vertebrates_northeast_Goldspiel
Seiurus aurocapilla,27_Terrestria_Vertebrates_northeast_Goldspiel
Setophaga americana,27_Terrestria_Vertebrates_northeast_Goldspiel
Setophaga caerulescens,27_Terrestria_Vertebrates_northeast_Goldspiel
Setophaga castanea,27_Terrestria_Vertebrates_northeast_Goldspiel
Setophaga cerulea,27_Terrestria_Vertebrates_northeast_Goldspiel
Setophaga citrina,27_Terrestria_Vertebrates_northeast_Goldspiel
Setophaga coronata,27_Terrestria_Vertebrates_northeast_Goldspiel
Setophaga discolor,27_Terrestria_Vertebrates_northeast_Goldspiel
Setophaga dominica,27_Terrestria_Vertebrates_northeast_Goldspiel
Setophaga fusca,27_Terrestria_Vertebrates_northeast_Goldspiel
Setophaga kirtlandii,27_Terrestria_Vertebrates_northeast_Goldspiel
Setophaga magnolia,27_Terrestria_Vertebrates_northeast_Goldspiel
Setophaga nigrescens,27_Terrestria_Vertebrates_northeast_Goldspiel
Setophaga occidentalis,27_Terrestria_Vertebrates_northeast_Goldspiel
Setophaga palmarum,27_Terrestria_Vertebrates_northeast_Goldspiel
Setophaga pensylvanica,27_Terrestria_Vertebrates_northeast_Goldspiel
Setophaga petechia,27_Terrestria_Vertebrates_northeast_Goldspiel
Setophaga pinus,27_Terrestria_Vertebrates_northeast_Goldspiel
Setophaga ruticilla,27_Terrestria_Vertebrates_northeast_Goldspiel
Setophaga striata,27_Terrestria_Vertebrates_northeast_Goldspiel
Setophaga tigrina,27_Terrestria_Vertebrates_northeast_Goldspiel
Setophaga townsendi,27_Terrestria_Vertebrates_northeast_Goldspiel
Setophaga virens,27_Terrestria_Vertebrates_northeast_Goldspiel
Vermivora chrysoptera,27_Terrestria_Vertebrates_northeast_Goldspiel
Vermivora cyanoptera,27_Terrestria_Vertebrates_northeast_Goldspiel
Ammogramus savannarum,27_Terrestria_Vertebrates_northeast_Goldspiel
Ammospiza caudacuta,27_Terrestria_Vertebrates_northeast_Goldspiel
Ammospiza leconteii,27_Terrestria_Vertebrates_northeast_Goldspiel
Ammospiza maritima,27_Terrestria_Vertebrates_northeast_Goldspiel
Ammospiza nelsoni,27_Terrestria_Vertebrates_northeast_Goldspiel
Calamospiza melanocorys,27_Terrestria_Vertebrates_northeast_Goldspiel
Centronyx henslowii,27_Terrestria_Vertebrates_northeast_Goldspiel
Chondestes grammacus,27_Terrestria_Vertebrates_northeast_Goldspiel
Junco hyemalis,27_Terrestria_Vertebrates_northeast_Goldspiel
Melospiza georgiana,27_Terrestria_Vertebrates_northeast_Goldspiel
Melospiza lincolnii,27_Terrestria_Vertebrates_northeast_Goldspiel
Melospiza melodia,27_Terrestria_Vertebrates_northeast_Goldspiel
Passerculus sandwichensis,27_Terrestria_Vertebrates_northeast_Goldspiel
Passerella iliaca,27_Terrestria_Vertebrates_northeast_Goldspiel
Peucaea aestivalis,27_Terrestria_Vertebrates_northeast_Goldspiel
Pipilo chlorurus,27_Terrestria_Vertebrates_northeast_Goldspiel
Pipilo erythrophthalmus,27_Terrestria_Vertebrates_northeast_Goldspiel
Pipilo maculatus,27_Terrestria_Vertebrates_northeast_Goldspiel
Poecetes gramineus,27_Terrestria_Vertebrates_northeast_Goldspiel
Spizella pallida,27_Terrestria_Vertebrates_northeast_Goldspiel
Spizella passerina,27_Terrestria_Vertebrates_northeast_Goldspiel
Spizella pusilla,27_Terrestria_Vertebrates_northeast_Goldspiel
Spizelloides arborea,27_Terrestria_Vertebrates_northeast_Goldspiel
Zonotrichia albicollis,27_Terrestria_Vertebrates_northeast_Goldspiel
Zonotrichia atracapilla,27_Terrestria_Vertebrates_northeast_Goldspiel
Zonotrichia leucophyrys,27_Terrestria_Vertebrates_northeast_Goldspiel
Zonotrichia querula,27_Terrestria_Vertebrates_northeast_Goldspiel
Passer domesticus,27_Terrestria_Vertebrates_northeast_Goldspiel
Passer montanus,27_Terrestria_Vertebrates_northeast_Goldspiel
Polioptilia caerulea,27_Terrestria_Vertebrates_northeast_Goldspiel
Phainopepla nitens,27_Terrestria_Vertebrates_northeast_Goldspiel
Regulus calendula,27_Terrestria_Vertebrates_northeast_Goldspiel
Regulus satrapa,27_Terrestria_Vertebrates_northeast_Goldspiel
Sitta canadensis,27_Terrestria_Vertebrates_northeast_Goldspiel
Sitta carolinensis,27_Terrestria_Vertebrates_northeast_Goldspiel
Sturnus vulgaris,27_Terrestria_Vertebrates_northeast_Goldspiel
Cistothorus palustris,27_Terrestria_Vertebrates_northeast_Goldspiel
Cistothorus platensis,27_Terrestria_Vertebrates_northeast_Goldspiel
Salpinctes obsoletus,27_Terrestria_Vertebrates_northeast_Goldspiel
Thryothorus bewickii,27_Terrestria_Vertebrates_northeast_Goldspiel
Thryothorus ludovicianus,27_Terrestria_Vertebrates_northeast_Goldspiel
Troglodytes aedon,27_Terrestria_Vertebrates_northeast_Goldspiel
Troglodytes hiemalis,27_Terrestria_Vertebrates_northeast_Goldspiel
Catharus bicknelli,27_Terrestria_Vertebrates_northeast_Goldspiel
Catharus fuscenscens,27_Terrestria_Vertebrates_northeast_Goldspiel
Catharus guttatus,27_Terrestria_Vertebrates_northeast_Goldspiel
Catharus ustulatus,27_Terrestria_Vertebrates_northeast_Goldspiel
Hylocichla mustelina,27_Terrestria_Vertebrates_northeast_Goldspiel
Ixoreus naevius,27_Terrestria_Vertebrates_northeast_Goldspiel
Myadestes townsendi,27_Terrestria_Vertebrates_northeast_Goldspiel
Sialia currucoides,27_Terrestria_Vertebrates_northeast_Goldspiel
Sialia sialis,27_Terrestria_Vertebrates_northeast_Goldspiel
Turdus iliacus,27_Terrestria_Vertebrates_northeast_Goldspiel
Turdus migratorius,27_Terrestria_Vertebrates_northeast_Goldspiel
Turdus pilaris,27_Terrestria_Vertebrates_northeast_Goldspiel
Contopus cooperii,27_Terrestria_Vertebrates_northeast_Goldspiel
Contopus sordidulus,27_Terrestria_Vertebrates_northeast_Goldspiel
Contopus virens,27_Terrestria_Vertebrates_northeast_Goldspiel
Empidonax alnorum,27_Terrestria_Vertebrates_northeast_Goldspiel
Empidonax difficilis,27_Terrestria_Vertebrates_northeast_Goldspiel
Empidonax flaviventris,27_Terrestria_Vertebrates_northeast_Goldspiel
Empidonax hammondii,27_Terrestria_Vertebrates_northeast_Goldspiel
Empidonax minimus,27_Terrestria_Vertebrates_northeast_Goldspiel
Empidonax traillii,27_Terrestria_Vertebrates_northeast_Goldspiel
Empidonax virescens,27_Terrestria_Vertebrates_northeast_Goldspiel
Empidonax wrightii,27_Terrestria_Vertebrates_northeast_Goldspiel
Empidonomus varius,27_Terrestria_Vertebrates_northeast_Goldspiel
Myiarchus cinerascens,27_Terrestria_Vertebrates_northeast_Goldspiel
Myiarchus crinitus,27_Terrestria_Vertebrates_northeast_Goldspiel
Myiodynastes maculatus,27_Terrestria_Vertebrates_northeast_Goldspiel
Pyrocephalus rubinus,27_Terrestria_Vertebrates_northeast_Goldspiel
Sayornis phoebe,27_Terrestria_Vertebrates_northeast_Goldspiel
Sayornis saya,27_Terrestria_Vertebrates_northeast_Goldspiel
Tyrannus couchii,27_Terrestria_Vertebrates_northeast_Goldspiel
Tyrannus dominicensis,27_Terrestria_Vertebrates_northeast_Goldspiel
Tyrannus forficatus,27_Terrestria_Vertebrates_northeast_Goldspiel
Tyrannus melancholicus,27_Terrestria_Vertebrates_northeast_Goldspiel
Tyrannus savana,27_Terrestria_Vertebrates_northeast_Goldspiel
Tyrannus tyrannus,27_Terrestria_Vertebrates_northeast_Goldspiel
Tyrannus verticalis,27_Terrestria_Vertebrates_northeast_Goldspiel
Tyrannus vociferans,27_Terrestria_Vertebrates_northeast_Goldspiel
Vireo altiloquus,27_Terrestria_Vertebrates_northeast_Goldspiel
Vireo bellii,27_Terrestria_Vertebrates_northeast_Goldspiel
Vireo cassinii,27_Terrestria_Vertebrates_northeast_Goldspiel
Vireo flavifrons,27_Terrestria_Vertebrates_northeast_Goldspiel
Vireo flavoviridis,27_Terrestria_Vertebrates_northeast_Goldspiel
Vireo gilvus,27_Terrestria_Vertebrates_northeast_Goldspiel
Vireo griseus,27_Terrestria_Vertebrates_northeast_Goldspiel
Vireo olivaceus,27_Terrestria_Vertebrates_northeast_Goldspiel
Vireo philadelphicus,27_Terrestria_Vertebrates_northeast_Goldspiel
Vireo plumbeus,27_Terrestria_Vertebrates_northeast_Goldspiel
Vireo solitarius,27_Terrestria_Vertebrates_northeast_Goldspiel
Vireo solitarius,27_Terrestria_Vertebrates_northeast_Goldspiel
Ardea alba,27_Terrestria_Vertebrates_northeast_Goldspiel
Ardea cinerea,27_Terrestria_Vertebrates_northeast_Goldspiel
Ardea herodias,27_Terrestria_Vertebrates_northeast_Goldspiel
Botaurus lentiginosus,27_Terrestria_Vertebrates_northeast_Goldspiel
Bubulcus ibis,27_Terrestria_Vertebrates_northeast_Goldspiel
Butorides virescens,27_Terrestria_Vertebrates_northeast_Goldspiel
Egretta caerulea,27_Terrestria_Vertebrates_northeast_Goldspiel
Egretta garzetta,27_Terrestria_Vertebrates_northeast_Goldspiel
Egretta gularis,27_Terrestria_Vertebrates_northeast_Goldspiel
Egretta rufescens,27_Terrestria_Vertebrates_northeast_Goldspiel
Egretta thula,27_Terrestria_Vertebrates_northeast_Goldspiel
Egretta tricolor,27_Terrestria_Vertebrates_northeast_Goldspiel
Ixobrychus exilis,27_Terrestria_Vertebrates_northeast_Goldspiel
Nyctanassa violacea,27_Terrestria_Vertebrates_northeast_Goldspiel
Nycticorax nycticorax,27_Terrestria_Vertebrates_northeast_Goldspiel
Pelecanus erythrohynchos,27_Terrestria_Vertebrates_northeast_Goldspiel
Pelecanus occidentalis,27_Terrestria_Vertebrates_northeast_Goldspiel
Eudocimus albus,27_Terrestria_Vertebrates_northeast_Goldspiel
Platalea ajaja,27_Terrestria_Vertebrates_northeast_Goldspiel
Plegadis chihi,27_Terrestria_Vertebrates_northeast_Goldspiel
Plegadis falcinellus,27_Terrestria_Vertebrates_northeast_Goldspiel
Ardea alba,27_Terrestria_Vertebrates_northeast_Goldspiel
Butorides striatus,27_Terrestria_Vertebrates_northeast_Goldspiel
Phaethon aethereus,27_Terrestria_Vertebrates_northeast_Goldspiel
Phaethon lepturus,27_Terrestria_Vertebrates_northeast_Goldspiel
Colaptes auratus,27_Terrestria_Vertebrates_northeast_Goldspiel
Dryobates pubescens,27_Terrestria_Vertebrates_northeast_Goldspiel
Dryobates villosus,27_Terrestria_Vertebrates_northeast_Goldspiel
Dryocopus pileatus,27_Terrestria_Vertebrates_northeast_Goldspiel
Melanerpes carolinus,27_Terrestria_Vertebrates_northeast_Goldspiel
Melanerpes erythrocephalus,27_Terrestria_Vertebrates_northeast_Goldspiel
Melanerpes lewis,27_Terrestria_Vertebrates_northeast_Goldspiel
Picoides arcticus,27_Terrestria_Vertebrates_northeast_Goldspiel
Picoides dorsalis,27_Terrestria_Vertebrates_northeast_Goldspiel
Sphyrapicus ruber,27_Terrestria_Vertebrates_northeast_Goldspiel
Sphyrapicus varius,27_Terrestria_Vertebrates_northeast_Goldspiel
Aechmorphorus clarkii,27_Terrestria_Vertebrates_northeast_Goldspiel
Aechmorphorus occidentalis,27_Terrestria_Vertebrates_northeast_Goldspiel
Podiceps auritus,27_Terrestria_Vertebrates_northeast_Goldspiel
Podiceps grisegena,27_Terrestria_Vertebrates_northeast_Goldspiel
Podiceps nigricollis,27_Terrestria_Vertebrates_northeast_Goldspiel
Podilymbus podiceps,27_Terrestria_Vertebrates_northeast_Goldspiel
Thalassarche chlororhynchos,27_Terrestria_Vertebrates_northeast_Goldspiel
Thalassarche melanophris,27_Terrestria_Vertebrates_northeast_Goldspiel
Hydrobates castro,27_Terrestria_Vertebrates_northeast_Goldspiel
Hydrobates leucorhous,27_Terrestria_Vertebrates_northeast_Goldspiel
Ardenna gravis,27_Terrestria_Vertebrates_northeast_Goldspiel
Ardenna griseus,27_Terrestria_Vertebrates_northeast_Goldspiel
Calonectris diomedea,27_Terrestria_Vertebrates_northeast_Goldspiel
Fulmarus glacialis,27_Terrestria_Vertebrates_northeast_Goldspiel
Pterodroma arminjoniana,27_Terrestria_Vertebrates_northeast_Goldspiel
Pterodroma cahow,27_Terrestria_Vertebrates_northeast_Goldspiel
Pterodroma feae,27_Terrestria_Vertebrates_northeast_Goldspiel
Pterodroma hasitata,27_Terrestria_Vertebrates_northeast_Goldspiel
Puffinus baroli,27_Terrestria_Vertebrates_northeast_Goldspiel
Puffinus lherminieri,27_Terrestria_Vertebrates_northeast_Goldspiel
Puffinus puffinus,27_Terrestria_Vertebrates_northeast_Goldspiel
Melopsittacus undulatus,27_Terrestria_Vertebrates_northeast_Goldspiel
Myiopsitta monachus,27_Terrestria_Vertebrates_northeast_Goldspiel
Nymphicus hollandicus,27_Terrestria_Vertebrates_northeast_Goldspiel
Aegolius acadicus,27_Terrestria_Vertebrates_northeast_Goldspiel
Aegolius funereus,27_Terrestria_Vertebrates_northeast_Goldspiel
Asio flammeus,27_Terrestria_Vertebrates_northeast_Goldspiel
Asio otus,27_Terrestria_Vertebrates_northeast_Goldspiel
Athene cunicularia,27_Terrestria_Vertebrates_northeast_Goldspiel
Bubo scandiacus,27_Terrestria_Vertebrates_northeast_Goldspiel
Bubo virginianus,27_Terrestria_Vertebrates_northeast_Goldspiel
Megascops asio,27_Terrestria_Vertebrates_northeast_Goldspiel
Strix nebulosa,27_Terrestria_Vertebrates_northeast_Goldspiel
Strix varia,27_Terrestria_Vertebrates_northeast_Goldspiel
Surnia ulula,27_Terrestria_Vertebrates_northeast_Goldspiel
Tyto alba,27_Terrestria_Vertebrates_northeast_Goldspiel
Anhinga anhinga,27_Terrestria_Vertebrates_northeast_Goldspiel
Fregata ariel,27_Terrestria_Vertebrates_northeast_Goldspiel
Fregata magnificens,27_Terrestria_Vertebrates_northeast_Goldspiel
Phalacrocorax auritus,27_Terrestria_Vertebrates_northeast_Goldspiel
Phalacrocorax brasilianus,27_Terrestria_Vertebrates_northeast_Goldspiel
Phalacrocorax carbo,27_Terrestria_Vertebrates_northeast_Goldspiel
Morus bassanus,27_Terrestria_Vertebrates_northeast_Goldspiel
Slua dactylatra,27_Terrestria_Vertebrates_northeast_Goldspiel
Slua leucogaster,27_Terrestria_Vertebrates_northeast_Goldspiel
Alces alces,27_Terrestria_Vertebrates_northeast_Goldspiel
Odocoileus virginianus,27_Terrestria_Vertebrates_northeast_Goldspiel
Canis latrans,27_Terrestria_Vertebrates_northeast_Goldspiel
Canis lupus,27_Terrestria_Vertebrates_northeast_Goldspiel
Urocyon cinereoargenteus,27_Terrestria_Vertebrates_northeast_Goldspiel
Vulpes vulpes,27_Terrestria_Vertebrates_northeast_Goldspiel
Lynx canadensis,27_Terrestria_Vertebrates_northeast_Goldspiel
Lynx rufus,27_Terrestria_Vertebrates_northeast_Goldspiel
Mephitis mephitis,27_Terrestria_Vertebrates_northeast_Goldspiel
Lontra canadensis,27_Terrestria_Vertebrates_northeast_Goldspiel
Martes americana,27_Terrestria_Vertebrates_northeast_Goldspiel
Mustela erminea,27_Terrestria_Vertebrates_northeast_Goldspiel
Mustela richardsonii,27_Terrestria_Vertebrates_northeast_Goldspiel
Mustela vison,27_Terrestria_Vertebrates_northeast_Goldspiel
Neogale frenata,27_Terrestria_Vertebrates_northeast_Goldspiel
Pekania pennanti,27_Terrestria_Vertebrates_northeast_Goldspiel
Odobenus rosmarus,27_Terrestria_Vertebrates_northeast_Goldspiel
Cyctophora cristata,27_Terrestria_Vertebrates_northeast_Goldspiel
Erignathus barbatus,27_Terrestria_Vertebrates_northeast_Goldspiel
Halichoerus gypsus,27_Terrestria_Vertebrates_northeast_Goldspiel
Pagophilus groenlandicus,27_Terrestria_Vertebrates_northeast_Goldspiel
Phoca vitulina,27_Terrestria_Vertebrates_northeast_Goldspiel
Pusa hispida,27_Terrestria_Vertebrates_northeast_Goldspiel
Procyon lotor,27_Terrestria_Vertebrates_northeast_Goldspiel
Ursus americanus,27_Terrestria_Vertebrates_northeast_Goldspiel
Eptesicus fuscus,27_Terrestria_Vertebrates_northeast_Goldspiel
Lasionycteris noctivagans,27_Terrestria_Vertebrates_northeast_Goldspiel
Lasiurus borealis,27_Terrestria_Vertebrates_northeast_Goldspiel
Lasiurus cinereus,27_Terrestria_Vertebrates_northeast_Goldspiel
Myotis leibii,27_Terrestria_Vertebrates_northeast_Goldspiel
Myotis lucifugus,27_Terrestria_Vertebrates_northeast_Goldspiel
Myotis septentrionalis,27_Terrestria_Vertebrates_northeast_Goldspiel
Myotis sodalis,27_Terrestria_Vertebrates_northeast_Goldspiel
Perimyotis subflavus,27_Terrestria_Vertebrates_northeast_Goldspiel
Didelphis virginiana,27_Terrestria_Vertebrates_northeast_Goldspiel
Blarina brevicauda,27_Terrestria_Vertebrates_northeast_Goldspiel
Cryptotis parva,27_Terrestria_Vertebrates_northeast_Goldspiel
Sorex cinereus,27_Terrestria_Vertebrates_northeast_Goldspiel
Sorex dispar,27_Terrestria_Vertebrates_northeast_Goldspiel
Sorex fumeus,27_Terrestria_Vertebrates_northeast_Goldspiel
Sorex hoyi,27_Terrestria_Vertebrates_northeast_Goldspiel
Sorex palustris,27_Terrestria_Vertebrates_northeast_Goldspiel
Condylura cristata,27_Terrestria_Vertebrates_northeast_Goldspiel
Parascalops breweri,27_Terrestria_Vertebrates_northeast_Goldspiel
Scalopus aquaticus,27_Terrestria_Vertebrates_northeast_Goldspiel
Lepus americanus,27_Terrestria_Vertebrates_northeast_Goldspiel
Lepus californicus,27_Terrestria_Vertebrates_northeast_Goldspiel
Lepus europaeus,27_Terrestria_Vertebrates_northeast_Goldspiel
Oryctolagus cuniculus,27_Terrestria_Vertebrates_northeast_Goldspiel
Sylvilagus floridanus,27_Terrestria_Vertebrates_northeast_Goldspiel
Sylvilagus transionalis,27_Terrestria_Vertebrates_northeast_Goldspiel
Castor canadensis,27_Terrestria_Vertebrates_northeast_Goldspiel
Microtus breweri,27_Terrestria_Vertebrates_northeast_Goldspiel
Microtus pennsylvanicus,27_Terrestria_Vertebrates_northeast_Goldspiel
Microtus pinetorum,27_Terrestria_Vertebrates_northeast_Goldspiel
Myodes gapperi,27_Terrestria_Vertebrates_northeast_Goldspiel
Neotoma magister,27_Terrestria_Vertebrates_northeast_Goldspiel
Ondatra zibethicus,27_Terrestria_Vertebrates_northeast_Goldspiel
Peromyscus leucopus,27_Terrestria_Vertebrates_northeast_Goldspiel
Peromyscus maniculatus,27_Terrestria_Vertebrates_northeast_Goldspiel
Synaptomys borealis,27_Terrestria_Vertebrates_northeast_Goldspiel
Synaptomys cooperi,27_Terrestria_Vertebrates_northeast_Goldspiel
Napaeozapus insignis,27_Terrestria_Vertebrates_northeast_Goldspiel
Zapus hudsonius,27_Terrestria_Vertebrates_northeast_Goldspiel
Erethizon dorsatum,27_Terrestria_Vertebrates_northeast_Goldspiel
Mus musculus,27_Terrestria_Vertebrates_northeast_Goldspiel
Rattus norvegicus,27_Terrestria_Vertebrates_northeast_Goldspiel
Rattus rattus,27_Terrestria_Vertebrates_northeast_Goldspiel
Glaucomys sabrinus,27_Terrestria_Vertebrates_northeast_Goldspiel
Glaucomys volans,27_Terrestria_Vertebrates_northeast_Goldspiel
Marmorata monax,27_Terrestria_Vertebrates_northeast_Goldspiel
Sciurus carolinensis,27_Terrestria_Vertebrates_northeast_Goldspiel
Sciurus niger,27_Terrestria_Vertebrates_northeast_Goldspiel
Tamias striatus,27_Terrestria_Vertebrates_northeast_Goldspiel
Tamiasciurus hudsonicus,27_Terrestria_Vertebrates_northeast_Goldspiel
Plethodon dorsalis,iNaturalist Indiana
Hyla cinerea,iNaturalist Indiana
Pseudacris maculata,iNaturalist Indiana
Plethodon electromorphus,iNaturalist Indiana
Lithobates areolatus,iNaturalist Indiana
Hyla squirella,iNaturalist Indiana
Lithobates blairi,iNaturalist Indiana
Aneides aeneus,iNaturalist Indiana
Ambystoma talpoideum,iNaturalist Indiana
Neogale vison,iNaturalist Indiana
Ictidomys tridecemlineatus,iNaturalist Indiana
Geomys bursarius,iNaturalist Indiana
Taxidea taxus,iNaturalist Indiana
Nycticeius humeralis,iNaturalist Indiana
Mustela nivalis,iNaturalist Indiana
Cryptotis parvus,iNaturalist Indiana
Microtus ochrogaster,iNaturalist Indiana
Sorex longirostris,iNaturalist Indiana
Capreolus capreolus,iNaturalist Indiana
Lampropeltis nigra,iNaturalist Indiana
Thamnophis saurita,iNaturalist Indiana
Sistrurus catenatus,iNaturalist Indiana
